Fecha;Artículo;Descripción;Cnt.;Importe
03/06/2025;9786076996461;CIELO RASO;1;16,50
03/06/2025;9788412492309;259 SALTOS, UNO INMORTAL;1;15,90
03/06/2025;9788411209786;POLICAN.11 VEINTE MIL PULGAS DE VIAJE1SU;1;12,50
03/06/2025;9788419102195;POLICAN.10 MADRES BORRASCOSAS;1;14,50
04/06/2025;9788423352883;LAS MIL Y UNA NOCHES;1;12,95
04/06/2025;9788420426402;OLVIDO QUE SEREMOS, EL;1;19,90
04/06/2025;9788493977214;MAS ESPAÑOL QUE AMERICANO;1;23,00
04/06/2025;9788498950052;EL ARTE DE NARRAR;1;14,00
04/06/2025;9788498957440;DIARIO DE UNA RESURRECCIÓN;1;14,00
04/06/2025;9788401036798;ESPERANZA. LA AUTOBIOGRAFÍA;1;23,90
06/06/2025;9788412591170;COMO BESTIAS 3ª ED;1;16,95
06/06/2025;9788439745297;LOCO DE DIOS EN EL FIN DEL MUNDO. EL;1;23,90
07/06/2025;9788412850185;ELOGIO DE LA DESOBEDIENCIA;1;22,90
07/06/2025;9788423366880;EL SECRETO DE MARCIAL (PREMIO NADAL12025);1;21,90
07/06/2025;9788439728405;VIVIR PARA CONTARLA;1;21,90
07/06/2025;9788401035241;MI NOMBRE ES EMILIA DEL VALLE;1;22,90
07/06/2025;9788410208285;LADRON DE FLORES, EL;1;16,95
07/06/2025;9788414340561;LOS UNICORNIOS(LEER A OS;1;16,95
07/06/2025;9788419475305;¡UN BESO DE BUENAS NOCHES!;1;14,90
07/06/2025;9788413921884;TRAS LA HUELLA DE LOS DINOSAURIOS;1;20,95
07/06/2025;9788418609640;EL LADRÓN DE NIEVE;1;16,95
07/06/2025;9788408186625;EL JARDIN. TOCA Y ESCUCHA;1;14,96
07/06/2025;9788410299634;ISLA DE LA MUJER DORMIDA, LA;1;22,90
07/06/2025;9788478448975;LA IDEA DE EUROPA;1;10,90
07/06/2025;9788488342546;EL CAMALEÓN CAMALEÓNICO;1;6,00
07/06/2025;9781948517768;SÓRDIDA TROPICAL;1;12,00
07/06/2025;9781948517768;SÓRDIDA TROPICAL;1;12,00
07/06/2025;9781948517768;SÓRDIDA TROPICAL;1;12,00
07/06/2025;9781948517768;SÓRDIDA TROPICAL;1;12,00
07/06/2025;9788419437037;UN MOMENTO DE TERNURA Y DE PIEDAD;1;18,90
07/06/2025;9781948517768;SÓRDIDA TROPICAL;1;12,00
07/06/2025;9788433927460;VOLUMEN DEL TIEMPO I, EL;1;18,90
07/06/2025;9781948517768;SÓRDIDA TROPICAL;1;12,00
07/06/2025;9781948517768;SÓRDIDA TROPICAL;1;12,00
07/06/2025;9781948517768;SÓRDIDA TROPICAL;1;12,00
07/06/2025;9781948517768;SÓRDIDA TROPICAL;1;12,00
07/06/2025;9781948517768;SÓRDIDA TROPICAL;1;12,00
10/06/2025;9788448867638;POCOYÓ. RECOPILATORIO DE CUENTOS -1CUENTOS;1;12,95
10/06/2025;9788410496002;MUY CATASTRÓFICA VISITA AL ZOO, LA;1;19,90
10/06/2025;9788411070843;EL CASTILLO DE BARBAZUL;1;21,90
10/06/2025;9788413922065;CUANDO SEA GRANDE;1;12,95
10/06/2025;9788448863920;PEPPA Y LOS MOLINOS;1;15,95
10/06/2025;9788484645641;A QUE SABE LA LUNA?;1;16,50
10/06/2025;9788419437037;UN MOMENTO DE TERNURA Y DE PIEDAD;2;37,80
11/06/2025;9788419213297;CRÍAS DE ANIMALES: ASIA ¿QUIÉN SOY?;1;0,00
11/06/2025;9788419213297;CRÍAS DE ANIMALES: ASIA ¿QUIÉN SOY?;1;0,00
11/06/2025;9788491057116;UNA HABITACIÓN PROPIA;1;10,95
12/06/2025;9788419703484;HISTORIA DE LA BIBLIA;1;39,95
12/06/2025;9788419213297;CRÍAS DE ANIMALES: ASIA ¿QUIÉN SOY?;1;0,00
12/06/2025;9788467594454;POLICAN;2;29,00
12/06/2025;9788419437037;UN MOMENTO DE TERNURA Y DE PIEDAD;3;56,70
12/06/2025;9781948517768;SÓRDIDA TROPICAL;1;12,00
12/06/2025;9788418481789;SIMONE WEIL;1;11,90
13/06/2025;9788420461410;CUENTOS REUNIDOS;1;26,90
13/06/2025;9798281808422;VIENE REGANDO FLORES;1;12,00
13/06/2025;9798879149371;BARBEY DÁUREVILLY;1;12,00
13/06/2025;9780241979969;THE HOLOCAUST;1;6,00
13/06/2025;9798281808422;VIENE REGANDO FLORES;1;12,00
13/06/2025;9798281808422;VIENE REGANDO FLORES;1;12,00
14/06/2025;9788414338056;SUPERMAMÁS;1;12,95
14/06/2025;9788413183947;POLICAN. 4 POLICAN Y CHIKIGATO;1;14,50
17/06/2025;9788467519853;CPSE.HISTORIA DE UNA LATA;1;9,50
17/06/2025;9788401027123;DESPUÉS;1;20,90
17/06/2025;9788411488938;HISTORIA DE LAS CRUZADAS;1;49,95
17/06/2025;9788413627427;LA RISA EN LA ANTIGUA RO;1;22,95
18/06/2025;9788411827539;LF.26 EL MISTERIO DE TIGER BLACK;1;12,95
18/06/2025;9788419834096;NIÑA QUE AMABA LOS ELEFANTES,LA;1;16,90
18/06/2025;9788448856328;EL MUNDO DE LOS NADURINES;1;15,95
18/06/2025;9791399034202;ORIUNDA DE LA AUSENCIA;1;18,00
19/06/2025;9788420476841;UN ANIMAL SALVAJE;1;23,90
19/06/2025;9788413922188;ANIMALES FASCINANTES;1;16,95
19/06/2025;9788416126910;EL MAGO DE OZ;1;26,00
19/06/2025;9788418187247;ODISEA LIBERADA;1;26,90
19/06/2025;9788418481772;HANNAH ARENDT;1;11,90
19/06/2025;9788419261861;PAPEL CON MARCA DE AGUA;1;18,90
19/06/2025;9788418187087;CUADERNO BLACKIE BOOKS. VOL. 9;1;12,90
19/06/2025;9788419942319;LA PENÍNSULA DE LAS CASAS VACÍAS;1;26,00
19/06/2025;9788439745297;LOCO DE DIOS EN EL FIN DEL MUNDO. EL;1;23,90
20/06/2025;9788411821247;EL POLLO PEPE TIENE UNA NUEVA AMIGA;1;10,95
21/06/2025;9788411823944;POLICAN.12 EL PESTAZO ESCARLATA;1;14,50
21/06/2025;9788417977580;HAMNET 17ªED;1;23,95
21/06/2025;9788418935695;POEMAS INMORALES;1;23,00
21/06/2025;9788491994411;UNA VIOLENCIA INDOMITA;1;20,90
24/06/2025;9788491077411;POLICAN. 2 SITUACION DESESPERADA;1;14,50
24/06/2025;9788411003568;HISTORIAS DE GAZA;1;19,90
24/06/2025;9788432244964;LEONERA;1;19,00
24/06/2025;9788414335154;DIARIO DE UN UNICORNIO 6;1;11,95
24/06/2025;9788417074241;¡A DIBUJAR!;1;16,50
25/06/2025;9788408299592;POR SI UN DÍA VOLVEMOS;1;23,90
25/06/2025;9788413921082;BVB.165 LA COSA MAS DELICIOSA;1;8,50
25/06/2025;9788419172150;CUADERNO BLACKIE BOOKS VOL. 11;1;12,90
26/06/2025;9788469888711;D.UNIC. 3. VALENTIA LIN;1;11,95
26/06/2025;9788466345644;ADIOS MUCHACHOS;1;7,00
26/06/2025;9788490747308;LA GRIETA;1;19,95
26/06/2025;9788490747308;LA GRIETA;1;19,95
27/06/2025;9788412990300;NARCISOS;1;20,00
27/06/2025;9788411489645;BOUVARD Y PÉCUCHET;1;18,95
27/06/2025;9788484721871;ASIENTO EN LAS RUINAS;1;8,00
27/06/2025;9788412990300;NARCISOS;1;20,00
27/06/2025;9788411003575;IMAGINAR LA VIDA;1;21,90
27/06/2025;9788412990300;NARCISOS;1;20,00
27/06/2025;9788412990300;NARCISOS;1;20,00
27/06/2025;9788412990300;NARCISOS;1;20,00
27/06/2025;9788412990300;NARCISOS;1;20,00
28/06/2025;9788410323575;CUADERNO BLACKIE BOOKS. VOL. 14;1;12,90
28/06/2025;9788410073067;CIUDAD ME HAS VENCIDO;1;12,00
28/06/2025;9788466374767;GENTE NORMAL;1;12,95
01/07/2025;9788411823944;POLICAN.12 EL PESTAZO ESCARLATA;1;14,50
01/07/2025;9788410323575;CUADERNO BLACKIE BOOKS. VOL. 14;1;12,90
02/07/2025;9788439743484;ATUSPARIA;1;18,90
02/07/2025;9788432244254;ANIMALES DIFICILES;1;20,90
02/07/2025;9788410323575;CUADERNO BLACKIE BOOKS. VOL. 14;1;12,90
02/07/2025;9788411487566;LA IMPACIENCIA DEL CORAZ;1;29,95
02/07/2025;9788494090370;EL SILBIDO DEL ARQUERO;1;16,00
02/07/2025;9788410323575;CUADERNO BLACKIE BOOKS. VOL. 14;1;12,90
02/07/2025;9788419942319;LA PENÍNSULA DE LAS CASAS VACÍAS;1;26,00
03/07/2025;9788401034794;ALBATROS NEGRO, EL;1;23,90
04/07/2025;9788410025349;CUADERNO GOLDEN VOL. 4;1;12,90
04/07/2025;9788401036835;NO TENGAS MIEDO;1;24,90
04/07/2025;9788410496873;ESE IMBÉCIL VA A ESCRIBIR UNA NOVELA;1;19,90
04/07/2025;9788410415133;EL FINAL DEL BOSQUE;1;19,95
04/07/2025;9788411486910;EL LABERINTO DE LOS EXTR;1;23,95
04/07/2025;9788419620729;SUPERVIVIENTE DE AUSCHWITZ,EL 2ªED;1;12,90
04/07/2025;9788419441249;MIENTRAS RESPIRES, ESTÁS A TIEMPO;1;16,95
05/07/2025;9788439734468;CONVERSACIONES ENTRE AMIGOS;1;20,90
05/07/2025;9788411072281;HIJOS DE LA FABULA;1;20,90
05/07/2025;9788417977580;HAMNET 17ªED;1;23,95
08/07/2025;9788401035241;MI NOMBRE ES EMILIA DEL VALLE;1;22,90
09/07/2025;9788408299592;POR SI UN DÍA VOLVEMOS;1;23,90
09/07/2025;9788469620502;¿QUIERES TOCAR A UN MONS;1;13,50
09/07/2025;9788418050350;REDES (INVISIBLE 2);1;15,95
09/07/2025;9788427200302;DIARIO DE GREG 4. DIAS DE PERROS;1;15,95
09/07/2025;9788466356237;LA BUENA SUERTE;1;11,95
09/07/2025;9788498674019;DIARIO DE GREG 2. LA LEY DE RODRICK;1;15,95
09/07/2025;9788415689485;LIBRO DEL DESASOSIEGO;1;28,00
09/07/2025;9788433911155;NIETA, LA;1;21,90
09/07/2025;9788433921352;VALIENTES ESTÁN SOLOS, LOS;1;24,90
09/07/2025;9789871673612;NOVELAS BREVES;1;21,00
10/07/2025;9788401035241;MI NOMBRE ES EMILIA DEL VALLE;1;22,90
10/07/2025;9788439730521;CHICAS MUERTAS;1;16,90
10/07/2025;9788433977366;NADA SE OPONE A LA NOCHE - CM;1;13,90
11/07/2025;9788466356237;LA BUENA SUERTE;1;11,95
11/07/2025;9788419654052;CUADERNO BLACKIE BOOKS. VOL. 12;1;12,90
11/07/2025;9788408238829;PEQUEÑOS ANIMALES. TOCA Y ESCUCHA;1;14,96
11/07/2025;9789493156234;LA CAPITAL DEL SOL;1;20,00
11/07/2025;9798863547992;HISTORIA Y MASOQUISMO;2;36,00
11/07/2025;9788411485883;ARDIENTE SECRETO. MIEDO;1;12,95
11/07/2025;9788412971880;LA CATEDRAL DE LA MUJER;1;15,00
11/07/2025;9781948517775;EL TÚNEL AL FINAL DE LA LUZ;1;18,00
11/07/2025;9788412809503;INDOMABLES;1;19,90
11/07/2025;9781948517775;EL TÚNEL AL FINAL DE LA LUZ;1;18,00
11/07/2025;9781948517775;EL TÚNEL AL FINAL DE LA LUZ;1;18,00
11/07/2025;9788420477152;EL CABALLO DORADO;1;21,90
11/07/2025;9781948517775;EL TÚNEL AL FINAL DE LA LUZ;1;18,00
11/07/2025;9788411823869;LF.25 EL MISTERIO DEL GOL DE ORO;1;12,95
11/07/2025;9781948517775;EL TÚNEL AL FINAL DE LA LUZ;1;18,00
11/07/2025;9789493156234;LA CAPITAL DEL SOL;1;20,00
11/07/2025;9781948517775;EL TÚNEL AL FINAL DE LA LUZ;1;18,00
11/07/2025;9781948517775;EL TÚNEL AL FINAL DE LA LUZ;1;18,00
11/07/2025;9788412990300;NARCISOS;1;20,00
11/07/2025;9781948517775;EL TÚNEL AL FINAL DE LA LUZ;1;18,00
11/07/2025;9781948517775;EL TÚNEL AL FINAL DE LA LUZ;1;18,00
11/07/2025;9781948517775;EL TÚNEL AL FINAL DE LA LUZ;1;18,00
12/07/2025;9788417552763;GRAN HISTORIA VISUAL DE LA FILOSOFÍA;1;22,00
12/07/2025;9789871556472;ABALLAY;1;12,00
12/07/2025;9788433922311;AEROSTATOS, LOS;1;17,90
12/07/2025;9789493156234;LA CAPITAL DEL SOL;1;20,00
12/07/2025;9789493156234;LA CAPITAL DEL SOL;1;20,00
12/07/2025;9789493156234;LA CAPITAL DEL SOL;1;20,00
12/07/2025;9789493156234;LA CAPITAL DEL SOL;1;20,00
12/07/2025;9789493156234;LA CAPITAL DEL SOL;1;20,00
12/07/2025;9789493156234;LA CAPITAL DEL SOL;1;20,00
12/07/2025;9789493156234;LA CAPITAL DEL SOL;1;20,00
12/07/2025;9788412642636;HERMANA DEL DESVAN,LA;1;18,95
12/07/2025;9789493156234;LA CAPITAL DEL SOL;1;20,00
12/07/2025;9798863547992;HISTORIA Y MASOQUISMO;2;36,00
15/07/2025;9788416734030;TODO FLUYE;1;7,00
15/07/2025;9788418668692;ALA DERECHA,EL - CEGADOR 3 2ªED;1;26,95
15/07/2025;9788433979230;SUMISIÓN;1;7,00
15/07/2025;9788495359537;SIN DESTINO;1;6,00
15/07/2025;9789491515644;EL PLACER Y EL SERENO;1;19,50
15/07/2025;9788410274822;VIVIR CON SENTIDO;1;21,90
15/07/2025;9788423365937;LOS INOCENTES;1;11,95
15/07/2025;9788425369469;CRIMENES DE LA ISLA DE OUESSANT, LOS;1;21,90
15/07/2025;9788466379229;BAJO EL HIELO (COMANDANTE SERVAZ 1);1;12,95
16/07/2025;9788423355532;LAS ARMAS Y LAS LETRAS;1;35,00
16/07/2025;9788433911001;MANIAC;1;21,90
16/07/2025;9788432244988;EL VERANO DE CERVANTES;1;22,90
16/07/2025;9788413143392;EL MAL CAMINO;1;10,95
17/07/2025;9788401035241;MI NOMBRE ES EMILIA DEL VALLE;1;22,90
17/07/2025;9788410496002;MUY CATASTRÓFICA VISITA AL ZOO, LA;1;19,90
17/07/2025;9788419942319;LA PENÍNSULA DE LAS CASAS VACÍAS;1;26,00
18/07/2025;9788417742362;PIPPI LA NIÑA MÁS FUERTE DEL MUNDO;1;11,50
18/07/2025;9788418749476;COCOS GAME 4-5 AÑOS;1;8,50
18/07/2025;9781948517775;EL TÚNEL AL FINAL DE LA LUZ;1;18,00
18/07/2025;9786076996461;CIELO RASO;1;16,50
19/07/2025;9788415625575;A SANGRE Y FUEGO NE AMPLIADA 17ªED;1;17,95
22/07/2025;9788411485845;NOSTROMO;1;14,90
24/07/2025;9788420426402;OLVIDO QUE SEREMOS, EL;1;19,90
24/07/2025;9781948517775;EL TÚNEL AL FINAL DE LA LUZ;1;18,00
24/07/2025;9788419089427;AÑO DEL DESIERTO, EL;1;20,95
26/07/2025;9788413188997;MPLA.LOS VEHICULOS;1;12,95
26/07/2025;9788483106020;MODELOS DE MUJER;1;5,00
26/07/2025;9788433960771;SEDA - CM;1;11,90
26/07/2025;9788433998972;VERDOR TERRIBLE, UN;1;18,90
26/07/2025;9788495359490;EL MUNDO DE AYER;1;30,00
29/07/2025;9788411486323;ANTES DE QUE LOS CUELGUE;1;14,90
29/07/2025;9788433929693;ORBITAL;1;18,90
29/07/2025;9788413624037;ANNA KARÉNINA;1;20,95
29/07/2025;9788426406392;EL ALEPH;1;17,90
30/07/2025;9788490669785;MI FILOSOFIA DE A A B Y DE B A A;1;10,95
30/07/2025;9788419357373;BINDING 13 (LOS CHICOS DE TOMMEN 1);1;19,95
30/07/2025;9788498955163;POESÍA COMPLETA;1;20,00
30/07/2025;9786076996461;CIELO RASO;1;16,50
30/07/2025;9798842794683;DÁRSENAS;1;18,00
30/07/2025;9798876315588;RAKU;1;18,00
30/07/2025;9788433967497;OCÉANO MAR - CM;1;12,90
31/07/2025;9788491294283;ASISTENTA, LA;1;19,90
30/08/2025;9788401037689;YO BARBARA;1;23,90
30/08/2025;9788410025066;UN VIAJE PELIGROSO;1;17,90
30/08/2025;9788410208322;LADRON DE SOL, EL;1;16,95
30/08/2025;9788469875612;UNICORNIO. AMIGO MÁGICO;1;11,95
03/09/2025;9788439743897;LA VEGETARIANA;1;20,90
03/09/2025;9788420476087;CORAZÓN TAN BLANCO;1;19,90
04/09/2025;9788410496316;AHORA Y EN LA HORA;1;19,90
04/09/2025;9788439745297;LOCO DE DIOS EN EL FIN DEL MUNDO. EL;1;23,90
05/09/2025;9780241654927;LA PEQUEÑA ORUGA GLOTONA;1;19,90
05/09/2025;9788417971717;BIOGRAFÍA DEL SILENCIO;1;13,95
05/09/2025;9788408299592;POR SI UN DÍA VOLVEMOS;1;23,90
06/09/2025;9788433946669;CUCHILLOS LARGOS, LOS;1;24,90
06/09/2025;9788439745297;LOCO DE DIOS EN EL FIN DEL MUNDO. EL;1;23,90
06/09/2025;9788415625575;A SANGRE Y FUEGO NE AMPLIADA 17ªED;1;17,95
06/09/2025;9788495359667;LAS PEQUEÑAS VIRTUDES;1;16,00
09/09/2025;9788423361885;MADRID 1945;1;23,90
09/09/2025;9788426424273;LÉXICO FAMILIAR;1;20,90
09/09/2025;9788410359055;HUERFANA DE AUSCHWITZ, LA;1;12,90
09/09/2025;9788419620811;MUJER CON EL TATUAJE, LA;1;12,90
09/09/2025;9788401034794;ALBATROS NEGRO, EL;1;23,90
09/09/2025;9788419261335;NO TODO EL MUNDO 7ªED;1;18,90
10/09/2025;9788433998934;POETA CHILENO;1;21,90
11/09/2025;9788445011409;EL HOBBIT;1;12,95
12/09/2025;9788433924445;BARILOCHE;1;5,00
12/09/2025;9788439744061;BLANCURA;1;5,00
12/09/2025;9788469875629;DIARIO DE UN UNICORNIO 2;1;11,95
12/09/2025;9791399034271;LA ARQUITECTURA DEL AZAR;1;15,00
12/09/2025;9791399034271;LA ARQUITECTURA DEL AZAR;1;15,00
12/09/2025;9788439745297;LOCO DE DIOS EN EL FIN DEL MUNDO. EL;1;23,90
12/09/2025;9781948517775;EL TÚNEL AL FINAL DE LA LUZ;1;18,00
12/09/2025;9788413441818;NEUROFITNESS APLICADO;1;16,94
12/09/2025;9781006694745;ARCHIVO Y TERROR;1;25,00
12/09/2025;9788075210487;LOS AMORES EJEMPLARES;1;12,90
12/09/2025;9788075210876;CIERRA LOS OJOS, NO RESPIRES;1;12,90
12/09/2025;9788075212078;CRÓNICA AZUL;1;12,90
12/09/2025;9788075212115;DESPUÉS DE LA NOCHE;1;12,90
12/09/2025;9788087429051;EL CARNAVAL Y LOS MUERTOS;1;12,90
12/09/2025;9788087656488;LA MÁQUINA DIFAMATORIA;1;12,90
12/09/2025;9788087656495;EL CASTIGO;1;15,90
12/09/2025;9788087656549;PRINCESA MIAMI;1;12,90
12/09/2025;9788087656556;DOS EQUIS;1;12,90
12/09/2025;9788087656594;LA NADA CUBANA;1;12,90
12/09/2025;9788494463518;MATADERO SEIS;1;12,00
12/09/2025;9798210126122;DISCURSO DE LA MADRE MUERTA;1;14,00
12/09/2025;9791399034271;LA ARQUITECTURA DEL AZAR;1;15,00
12/09/2025;9791399034271;LA ARQUITECTURA DEL AZAR;1;15,00
12/09/2025;9788075210265;UN MUNDO TAN BLANCO;1;12,90
12/09/2025;9788075210579;LA PERIFERIA;1;12,90
12/09/2025;9788087429617;9550: UNA POSIBLE INTERPRETACIÓN DEL1AZUL;1;12,90
13/09/2025;9788491073499;LA PREOCUPACION DE LUCIA;1;12,95
13/09/2025;9788491077411;POLICAN. 2 SITUACION DESESPERADA;1;14,50
13/09/2025;9788410496316;AHORA Y EN LA HORA;1;19,90
13/09/2025;9788417742263;LA PEQUEÑA ORUGA GLOTONA 1 2 3;2;16,00
13/09/2025;9788493375973;LUNA;1;9,50
13/09/2025;9788467580587;L.A LULU LE GUSTAN LAS FORMAS;2;17,90
13/09/2025;9788496388567;LOS TRES BANDIDOS;1;16,00
13/09/2025;9788466681711;EL ENIGMA DE DIOS;1;22,90
16/09/2025;9788413922560;PLD.MI PRIMER LIBRO DE LA CIENCIA;1;24,95
17/09/2025;9788410323575;CUADERNO BLACKIE BOOKS. VOL. 14;1;12,90
18/09/2025;9788433998774;CANTO YO Y LA MONTAÑA BAILA;1;18,90
18/09/2025;9788433998774;CANTO YO Y LA MONTAÑA BAILA;1;18,90
18/09/2025;9788420479446;MISIÓN EN PARÍS;1;21,90
18/09/2025;9788410107151;BARMAN DEL RITZ, EL;1;21,00
18/09/2025;9788494090370;EL SILBIDO DEL ARQUERO;1;16,00
19/09/2025;9788430623693;EL RUGIDO DE NUESTRO TIEMPO;1;19,90
19/09/2025;9788087656594;LA NADA CUBANA;1;12,90
19/09/2025;9788416677221;POESIA COMPLETA 2ªED;1;34,90
19/09/2025;9788417977177;TEORIA DE LA GRAVEDAD - 7ªED;1;17,95
19/09/2025;9788410496002;MUY CATASTRÓFICA VISITA AL ZOO, LA;1;19,90
19/09/2025;9788418733901;LA MARAVILLOSA GRANJA DE MCBROOM;1;15,90
19/09/2025;9788433929686;OPOSICIÓN;1;18,90
19/09/2025;9788417059637;CUENTOS DE ASÍ FUE;1;18,90
19/09/2025;9788411206426;HOTEL DE BICHOS;1;14,94
19/09/2025;9788484645641;A QUE SABE LA LUNA?;1;16,50
20/09/2025;9788412591170;COMO BESTIAS 3ª ED;1;16,95
20/09/2025;9788426426277;PROMESA, LA;1;18,90
20/09/2025;9788466664417;REINA ROJA;1;22,90
20/09/2025;9788437637365;EL SEGUNDO SEXO;1;31,95
23/09/2025;9791387624200;LAS VOCES DEL DRAGÓN;1;28,00
23/09/2025;9788419942319;LA PENÍNSULA DE LAS CASAS VACÍAS;1;26,00
23/09/2025;9788420479446;MISIÓN EN PARÍS;1;21,90
24/09/2025;9788413922621;VIAJE AL PAIS DE LOS SUE¥OS;1;12,95
24/09/2025;9788420431970;ELENA SABE;1;18,90
24/09/2025;9788492857418;VIAJERA CRONICA;1;16,00
24/09/2025;9788410346536;TATA;1;20,00
24/09/2025;9788433977366;NADA SE OPONE A LA NOCHE - CM;1;13,90
24/09/2025;9788433920171;DESAYUNO EN TIFFANY´S - CM;1;11,90
24/09/2025;9788478886630;HARRY POTTER Y EL CÁLIZ DE FUEGO;1;8,00
24/09/2025;9788478887422;HARRY POTTER Y LA ORDEN DEL FÉNIX;1;10,00
24/09/2025;9789500420686;HARRY POTTER Y LA CÁMARA SECRETA;1;6,00
25/09/2025;9788467585605;BVB.105 CONEJOS DE ETIQUETA;1;8,50
25/09/2025;9788494157820;MONSTRUO DE COLORES,EL POP UP;1;24,90
25/09/2025;9788410208285;LADRON DE FLORES, EL;1;16,95
25/09/2025;9788413715124;SUPERPATATA, ENREDO COSMICO 3;1;13,00
25/09/2025;9788433929686;OPOSICIÓN;1;18,90
25/09/2025;9788410299467;MUERTE AJENA, LA;1;21,90
25/09/2025;9788417726546;SOBRE LA FELICIDAD;1;11,00
25/09/2025;9788420423937;LOS DETECTIVES SALVAJES;1;22,90
25/09/2025;9788420433370;MARGARITA, ESTÁ LINDA LA MAR;1;21,90
26/09/2025;9788430626953;MEDITACIONES;1;22,90
26/09/2025;9788423365852;ME PIDEN QUE REGRESE;1;22,90
26/09/2025;9788412850154;CINCO CRÓNICAS AMERICANAS;1;19,90
26/09/2025;9788401036811;EL CÍRCULO DE LOS DÍAS;1;24,90
26/09/2025;9788401035241;MI NOMBRE ES EMILIA DEL VALLE;1;22,90
27/09/2025;9788492608874;VEO VEO;1;9,50
27/09/2025;9788469888711;D.UNIC. 3. VALENTIA LIN;1;11,95
27/09/2025;9788492750368;UN LIBRO;1;15,00
27/09/2025;9788401021046;APRENDE A DIBUJAR ANIMALES;1;12,90
27/09/2025;9788420479446;MISIÓN EN PARÍS;1;21,90
27/09/2025;9788467578713;PYA.EL POLLO PEPE VA AL COLEGIO;1;12,95
30/09/2025;9788412699005;ARTURO, LA ESTRELLA MÁS BRILLANTE;1;15,90
30/09/2025;9791370090517;¿QUÉ PASA CON BAUM?;1;20,50
30/09/2025;9788433922069;LLAMADA, LA;1;21,90
30/09/2025;9788439745297;LOCO DE DIOS EN EL FIN DEL MUNDO. EL;1;23,90
30/09/2025;9788420439365;LO MUCHO QUE TE AMÉ;1;21,90
30/09/2025;9788420463315;ESE DÍA CAYÓ EN DOMINGO;1;18,90
30/09/2025;9788469604540;MANDALAS MARAVILLOSOS;1;5,95
01/10/2025;9788498414493;DE PROFUNDIS;1;13,95
01/10/2025;9788420671710;LA SEÑORA DALLOWAY;1;12,95
01/10/2025;9788411209786;POLICAN.11 VEINTE MIL PULGAS DE VIAJE1SU;1;14,50
01/10/2025;9788448868758;PEPPA Y LOS COLORES;1;11,95
01/10/2025;9788437600895;EL TÚNEL;1;10,50
02/10/2025;9788439729235;EL CORONEL NO TIENE QUIEN LE ESCRIBA;1;15,90
02/10/2025;9788419942319;LA PENÍNSULA DE LAS CASAS VACÍAS;1;26,00
02/10/2025;9788492750153;EL GRAN LIBRO DE LOS NÚMEROS;1;12,50
02/10/2025;9788497936774;MASA Y PODER;1;12,95
02/10/2025;9788497936781;AUTO DE FE;1;13,95
02/10/2025;9788419744517;PRAGA MÁGICA;1;26,00
03/10/2025;9788087656495;EL CASTIGO;1;15,90
03/10/2025;9788087656549;PRINCESA MIAMI;1;12,90
03/10/2025;9788087656556;DOS EQUIS;1;12,90
03/10/2025;9788087656594;LA NADA CUBANA;1;12,90
03/10/2025;9791370090517;¿QUÉ PASA CON BAUM?;1;20,50
03/10/2025;9788469644072;QUIERES TOCAR A UN KOALA;1;12,95
04/10/2025;9788410332188;FARO 8.ª ED., EL;1;12,00
04/10/2025;9791370090517;¿QUÉ PASA CON BAUM?;1;20,50
04/10/2025;9788469865903;MIS PRIMEROS CUENTOS;1;17,95
04/10/2025;9791370090517;¿QUÉ PASA CON BAUM?;1;20,50
07/10/2025;9791370090517;¿QUÉ PASA CON BAUM?;1;20,50
07/10/2025;9788411076630;MORIR EN LA ARENA;1;22,90
07/10/2025;9788417059347;IRENE LA VALIENTE;1;14,90
07/10/2025;9788419822451;LOS OJOS DE BRUNA;1;21,95
08/10/2025;9788419521040;SABES TODO DE HARRY POTTER, LO;1;16,90
08/10/2025;9788419089670;NOVIA GRULLA, LA 5ªED;1;20,95
08/10/2025;9788433998859;NUESTRA PARTE DE NOCHE;1;24,90
08/10/2025;9788410447080;LA BRUJA DEL AÑO;1;16,50
08/10/2025;9788418609640;EL LADRÓN DE NIEVE;1;16,95
08/10/2025;9788411487665;UN PASEO ALEATORIO POR W;1;28,50
09/10/2025;9788469890974;LOS TRES MOSQUETEROS;1;15,95
10/10/2025;9788410178601;SUEÑO DEL JAGUAR, EL 2ªED;1;20,95
10/10/2025;9788411823944;POLICAN.12 EL PESTAZO ESCARLATA;1;14,50
10/10/2025;9791370090210;A SANGRE Y FUEGO;1;13,95
10/10/2025;9788415177135;CINTA METRICA,LA;1;17,00
10/10/2025;9788417971717;BIOGRAFÍA DEL SILENCIO;1;13,95
10/10/2025;9788426408341;LA VIDA MENTIROSA DE LOS ADULTOS;1;19,90
11/10/2025;9788411582858;MI LIBRERÍA;1;22,90
11/10/2025;9788433960177;LOLITA - CM;1;13,90
11/10/2025;9788466317047;HISTORIAS DE CRONOPIOS Y DE FAMAS;1;3,00
11/10/2025;9788413431888;CHIVOS CHIVONES;1;14,00
11/10/2025;9788469668658;¡BUENAS NOCHES, PERRITO!;1;13,50
11/10/2025;9788418054327;AMANDA BLACK 2 - EL AMULETO PERDIDO;1;15,95
11/10/2025;9788419172402;CUENTOS DE HADAS DE LOS GRIMM;1;18,90
11/10/2025;9788408186625;EL JARDIN. TOCA Y ESCUCHA;1;14,96
11/10/2025;9788469626733;¡BUENAS NOCHES, LEÓN!;1;13,50
11/10/2025;9788410447080;LA BRUJA DEL AÑO;1;16,50
11/10/2025;9788414343050;PEQUEÑO SHERLOCK: EL;1;7,95
11/10/2025;9788414342718;EL DIARIO DE LA PESTE;1;13,50
11/10/2025;9789504936923;USAR EL CEREBRO;1;8,00
11/10/2025;9788418187063;CUADERNO DE INVIERNO. VOL. 1.;1;12,90
11/10/2025;9782868070715;ANARQUÍA EN DISNEYLANDIA;1;20,00
14/10/2025;9789500700832;LA MUJER ROTA;1;6,00
14/10/2025;9788414334751;CUENTOS Y LEYENDAS ESPAÑ;1;19,95
14/10/2025;9788466755047;DON QUIJOTE DE LA MANCHA;1;13,95
14/10/2025;9788467043662;FRANKENSTEIN;1;11,95
15/10/2025;9788401036811;EL CÍRCULO DE LOS DÍAS;1;24,90
15/10/2025;9788413185507;POLICAN. 5 EL SE¥OR DE LAS PULGAS;1;14,50
15/10/2025;9788469601433;ASÍ ES MI CORAZÓN;1;19,95
15/10/2025;9788488342546;EL CAMALEÓN CAMALEÓNICO;1;6,00
15/10/2025;9788433922069;LLAMADA, LA;1;21,90
15/10/2025;9798395420428;CUADERNO DE RIMAS;1;18,00
16/10/2025;9788420479446;MISIÓN EN PARÍS;1;21,90
16/10/2025;9788491077411;POLICAN. 2 SITUACION DESESPERADA;1;14,50
16/10/2025;9788493375973;LUNA;1;9,50
17/10/2025;9788466344357;AMIGA ESTUPENDA, LA (DOS AMIGAS 1);2;25,90
17/10/2025;9788493651046;LOS COSACOS;1;19,00
18/10/2025;9788420479279;EL VIAJE DE MI PADRE;1;20,90
18/10/2025;9788433998972;VERDOR TERRIBLE, UN;1;18,90
18/10/2025;9788425366079;EL PEQUEÑO ESTUDIO DE LOS RECUERDOS1 PERDIDOS;1;7,00
18/10/2025;9789508892980;BANKSY 3ªED;1;38,00
18/10/2025;9788469847152;PETER PAN;1;9,95
18/10/2025;9788420451466;TRES TRISTES TIGRES;1;20,90
18/10/2025;9791370090517;¿QUÉ PASA CON BAUM?;1;20,50
18/10/2025;9788433966902;AMPLIACION DEL CAMPO DE BATALLA -CM;1;11,90
18/10/2025;9788412145731;CIELOS DE CORDOBA;1;13,95
21/10/2025;9788411488877;ENSAYOS: UNA ANTOLOGÍA;1;21,95
21/10/2025;9788419555403;EL DISEÑO DE SENTIDO;1;25,00
21/10/2025;9788433977151;ADVERSARIO, EL - CM;1;11,90
21/10/2025;9788420650968;LA RIQUEZA DE LAS NACION;1;18,95
22/10/2025;9788493801311;CORREDOR DEL LABERINTO,EL 17ªED;1;19,95
22/10/2025;9788426430793;ABC DE BYOBU, EL;1;17,90
23/10/2025;9788495359452;NOVELA DE AJEDREZ;1;12,00
23/10/2025;9791370090517;¿QUÉ PASA CON BAUM?;1;20,50
23/10/2025;9788411582858;MI LIBRERÍA;1;22,90
23/10/2025;9788411822923;ANP.DETECTIVE EN ACCION;1;11,95
23/10/2025;9788419135575;A LA CAZA DE LOS MONSTRUOS;1;19,95
23/10/2025;9788412645781;AUN NOS QUEDA EL TELEFONO;1;16,90
23/10/2025;9788469666937;ABECECUENTOS CLÁSICOS;1;17,95
23/10/2025;9786316615077;LIBRO DE LA ALMOHADA, EL;1;24,90
23/10/2025;9788410551848;LF.LA HIS DEL FUTBOL CONTADA POR LOS1 FUT;1;18,95
24/10/2025;9788410257559;RECUERDA SIEMPRE;1;21,90
24/10/2025;9788420479446;MISIÓN EN PARÍS;1;21,90
24/10/2025;9788410171282;TIEMPO DE LOS LIRIOS, EL;1;19,00
24/10/2025;9788416748679;TANGO SATÁNICO;1;22,00
25/10/2025;9788416748679;TANGO SATÁNICO;1;22,00
25/10/2025;9788411827652;ANP.EL COLE MOLA UN MONTON;1;11,95
25/10/2025;9788411827652;ANP.EL COLE MOLA UN MONTON;1;11,95
25/10/2025;9788411827652;ANP.EL COLE MOLA UN MONTON;1;11,95
25/10/2025;9791370090517;¿QUÉ PASA CON BAUM?;1;20,50
25/10/2025;9791370090517;¿QUÉ PASA CON BAUM?;1;20,50
25/10/2025;9798288505010;MI ÚLTIMO VIAJE EN LADA;1;20,00
25/10/2025;9798288505010;MI ÚLTIMO VIAJE EN LADA;1;20,00
25/10/2025;9788410257559;RECUERDA SIEMPRE;1;21,90
25/10/2025;9798288505010;MI ÚLTIMO VIAJE EN LADA;1;20,00
25/10/2025;9798288505010;MI ÚLTIMO VIAJE EN LADA;1;20,00
25/10/2025;9798288505010;MI ÚLTIMO VIAJE EN LADA;1;20,00
25/10/2025;9798288505010;MI ÚLTIMO VIAJE EN LADA;1;20,00
25/10/2025;9798288505010;MI ÚLTIMO VIAJE EN LADA;1;20,00
25/10/2025;9798288505010;MI ÚLTIMO VIAJE EN LADA;1;20,00
25/10/2025;9788484721871;ASIENTO EN LAS RUINAS;1;8,00
28/10/2025;9798288505010;MI ÚLTIMO VIAJE EN LADA;1;20,00
28/10/2025;9788413184425;PYA.EL POLLO PEPE JUEGA AL ESCONDITE1 CON;1;16,95
28/10/2025;9788427221239;DIARIO DE GREG 15. TOCADO Y HUNDIDO;1;15,95
28/10/2025;9788493375997;MIAU;1;9,50
28/10/2025;9788419089847;CASI;1;19,95
29/10/2025;9788467044027;LA CASA DE BERNARDA ALBA;1;10,95
29/10/2025;9788417977580;HAMNET 17ªED;1;23,95
29/10/2025;9788466331845;BESTIARIO;1;10,95
30/10/2025;9788412779998;TOMATES VERDES FRITOS EN EL CAFE DE 1WHISTLE;1;26,00
30/10/2025;9788492663439;MI PLANTA DE NARANJA LIMA 14ªED;1;13,95
30/10/2025;9788420475738;SALVAJES Y SENTIMENTALES;1;18,90
30/10/2025;9788420479446;MISIÓN EN PARÍS;1;21,90
30/10/2025;9791387807900;PILDORAS ANTIEMETICAS;1;20,00
30/10/2025;9791387807900;PILDORAS ANTIEMETICAS;1;20,00
30/10/2025;9791387807900;PILDORAS ANTIEMETICAS;2;40,00
30/10/2025;9791387807900;PILDORAS ANTIEMETICAS;1;20,00
30/10/2025;9791387807900;PILDORAS ANTIEMETICAS;1;20,00
30/10/2025;9791387807900;PILDORAS ANTIEMETICAS;2;40,00
30/10/2025;9791387807900;PILDORAS ANTIEMETICAS;1;20,00
30/10/2025;9791387807900;PILDORAS ANTIEMETICAS;1;20,00
30/10/2025;9791387807900;PILDORAS ANTIEMETICAS;1;20,00
30/10/2025;9791387807900;PILDORAS ANTIEMETICAS;1;20,00
30/10/2025;9791387807900;PILDORAS ANTIEMETICAS;1;20,00
30/10/2025;9791387807900;PILDORAS ANTIEMETICAS;1;20,00
30/10/2025;9791387807900;PILDORAS ANTIEMETICAS;2;40,00
30/10/2025;9788411582858;MI LIBRERÍA;1;22,90
30/10/2025;9791387807900;PILDORAS ANTIEMETICAS;2;40,00
30/10/2025;9791387807900;PILDORAS ANTIEMETICAS;1;20,00
30/10/2025;9791387807900;PILDORAS ANTIEMETICAS;1;20,00
30/10/2025;9791387807900;PILDORAS ANTIEMETICAS;1;20,00
30/10/2025;9791387807900;PILDORAS ANTIEMETICAS;1;20,00
30/10/2025;9791387807900;PILDORAS ANTIEMETICAS;1;20,00
30/10/2025;9788412495843;EL LIBRO ROJO;1;44,00
30/10/2025;9788494905476;TÚ ERES ESO;1;20,00
31/10/2025;9788437637891;LA COLMENA;1;13,95
31/10/2025;9788490322222;DIME QUIÉN SOY;1;12,95
31/10/2025;9788411071123;UN VIEJO QUE LEÍA NOVELAS DE AMOR;1;9,95
31/10/2025;9788413921419;CHI.1 EL CLUB DE COMIC DE CHIKIGATO;1;12,50
31/10/2025;9788469628959;MOLA ESCOBA. MINICUENTO;1;12,50
31/10/2025;9788469664568;POP-UP. ¿DÓNDE ESTÁ? MAR;1;16,95
31/10/2025;9788439738107;SOLITO;1;23,90
04/11/2025;9788467550337;L.ESTA ES LULU;1;12,95
04/11/2025;9788467560435;L.A LULU LE GUSTA EL COLEGIO;1;12,95
04/11/2025;9788467585766;L.LULU TIENE UN HERMANITO;1;12,95
04/11/2025;9788412842333;LAS ESTANCIAS SECRETAS;1;22,00
04/11/2025;9788415934073;MODO LINTERNA;1;16,00
04/11/2025;9791387807900;PILDORAS ANTIEMETICAS;1;20,00
04/11/2025;9788433998248;PELIGROS DE FUMAR EN LA CAMA, LOS;1;18,90
04/11/2025;9788413185484;PGS.CUANDO ESTOY CONTENTO;1;5,95
04/11/2025;9788420479279;EL VIAJE DE MI PADRE;1;20,90
04/11/2025;9788426430793;ABC DE BYOBU, EL;1;17,90
05/11/2025;9788469626818;MIRA, TOCA, SIENTE;1;15,95
06/11/2025;9788418436208;EL INFINITO EN UN JUNCO (ED. REGALO);1;29,95
06/11/2025;9788416011452;Y SEIOBO DESCENDIÓ A LA TIERRA;1;28,00
06/11/2025;9788419942319;LA PENÍNSULA DE LAS CASAS VACÍAS;1;26,00
06/11/2025;9791370090517;¿QUÉ PASA CON BAUM?;1;20,50
06/11/2025;9788420476827;LOS ALEMANES;1;20,90
06/11/2025;9791370090517;¿QUÉ PASA CON BAUM?;1;20,50
07/11/2025;9788418897436;ATRAPA EL PEZ DORADO;1;19,90
07/11/2025;9788401036811;EL CÍRCULO DE LOS DÍAS;1;24,90
07/11/2025;9788420479446;MISIÓN EN PARÍS;1;21,90
07/11/2025;9788496834385;RELATOS;1;29,00
07/11/2025;9788439745297;LOCO DE DIOS EN EL FIN DEL MUNDO. EL;1;23,90
08/11/2025;9781948517768;SÓRDIDA TROPICAL;1;12,00
08/11/2025;9788417742485;COLORES;1;12,50
08/11/2025;9788434833630;ABEZOO;1;16,00
08/11/2025;9788469663455;EL GRÚFALO.MINICUENTO;1;12,50
08/11/2025;9788469669723;CASA MÁS PEQUEÑA MINICUE;1;12,50
08/11/2025;9788469663240;¡CÓMO MOLA TU ESCOBA!;1;16,95
08/11/2025;9788413431475;SU PROPIO COLOR;1;14,00
08/11/2025;9788493378011;COCODRILO;1;9,50
08/11/2025;9788419135513;JAN Y LA CIUDAD PERDIDA;1;15,95
08/11/2025;9788467507355;CPSE.CRISOL Y SU ESTRELLA;1;9,50
08/11/2025;9788469888728;D. UNIC.4. PRINC. DUENDE;1;11,95
08/11/2025;9788469663271;EL GRÚFALO;1;16,95
08/11/2025;9788413923901;BVB.170 LA COSA NEGRA;1;8,50
08/11/2025;9788490668061;LAS MALAS;1;18,00
08/11/2025;9788402429551;MORTADELO Y FILEMÓN;1;15,95
08/11/2025;9788402429834;IBÁÑEZ MÍTICO 1 - HACHÍS... ¡SALUD!;1;17,95
08/11/2025;9788410551848;LF.LA HIS DEL FUTBOL CONTADA POR LOS1 FUT;1;18,95
11/11/2025;9791387688325;LA CASA DE LOS EXTRAÑOS HUÉSPEDES;1;19,95
11/11/2025;9788433919632;CASI NADA QUE PONERTE;1;8,00
11/11/2025;9788433924261;INFORME, EL;1;18,90
11/11/2025;9788412901177;PRINCIPITO, EL;1;13,90
12/11/2025;9788410552067;POLICAN.13 ERASE UNA VEZ JOSELITO;1;14,50
12/11/2025;9788498569049;CHI.4 COLABORACIONES;1;12,50
12/11/2025;9788433905161;LITERATURA INFANTIL;1;18,90
13/11/2025;9788469836095;LA VUELTA AL MUNDO 80 D.;1;13,95
13/11/2025;9788433914699;SENDA DEL PERDEDOR, LA - CM;1;13,90
13/11/2025;9788433947833;DE QUÉ HABLAMOS CUANDO HABLAMOS 1DE AMOR;1;11,90
13/11/2025;9788469641538;JUANITO PINGÜINO VIAJERO;1;16,95
13/11/2025;9788496489028;NOCHE FANTÁSTICA;1;20,00
14/11/2025;9788410496590;SOY LA DAGA Y SOY LA HERIDA;1;19,90
14/11/2025;9789873874123;ACA EL TIEMPO ES OTRA COSA;1;14,00
14/11/2025;9788418218576;MADRES E HIJOS;1;16,90
14/11/2025;9788087656549;PRINCESA MIAMI;1;12,90
14/11/2025;9788417375959;ESTA ES TU CASA, FIDEL;1;18,90
14/11/2025;9798288505010;MI ÚLTIMO VIAJE EN LADA;1;20,00
14/11/2025;9798434973106;IMAGO MUNDI V;1;18,00
14/11/2025;9788414340561;LOS UNICORNIOS(LEER A OS;1;16,95
14/11/2025;9788419172372;LA REINA EN LA CUEVA;1;17,90
14/11/2025;9789876999304;UN DESTINO SUDAMERICANO;1;22,00
14/11/2025;9789876999304;UN DESTINO SUDAMERICANO;1;22,00
15/11/2025;9788433916556;PIEDRA DE LA LOCURA, LA;1;10,90
15/11/2025;9788490669785;MI FILOSOFIA DE A A B Y DE B A A;1;10,95
15/11/2025;9788402430717;DULCE NAVIDAD;1;10,95
15/11/2025;9788416858781;CASTILLO AMBULANTE,EL 18ªED;1;17,95
15/11/2025;9788439745877;BUE;1;21,90
15/11/2025;9788467861327;EL COLEGIO MÁS RARO DEL;1;10,50
15/11/2025;9788430627899;EL FIN DEL MUNDO COMÚN;1;21,90
15/11/2025;9788411582858;MI LIBRERÍA;1;22,90
18/11/2025;9788420479446;MISIÓN EN PARÍS;1;21,90
18/11/2025;9788469628959;MOLA ESCOBA. MINICUENTO;1;12,50
18/11/2025;9788469667316;GIGANTE MÁS ELEGANTE;1;12,50
18/11/2025;9791370090517;¿QUÉ PASA CON BAUM?;1;20,50
18/11/2025;9788401035241;MI NOMBRE ES EMILIA DEL VALLE;1;22,90
18/11/2025;9788416677399;APEGOS FEROCES 17ªED;1;19,90
18/11/2025;9788433999573;PALABRAS JUSTAS, LAS;1;17,90
18/11/2025;9788433980830;GRATITUDES, LAS;1;19,90
19/11/2025;9788401037078;CUANDO ELLOS SE VAN;1;21,90
19/11/2025;9788433947642;NUEVA ERA DEL KITSCH, LA;1;25,90
19/11/2025;9781785040573;THE CHIMP PARADOX;1;14,37
20/11/2025;9788410323988;CUADERNO DE INVIERNO. VOL. 6;1;12,90
20/11/2025;9788418798726;UNICORNIA. UNA FIESTA DEL REVÉS;1;10,95
20/11/2025;9788419501998;UNICORNIA. UN BAILE HECHIZADO;1;10,95
21/11/2025;9788413617022;AUN ESTOY AQUI;1;22,90
21/11/2025;9788433908407;SEDA;1;5,00
22/11/2025;9788413183947;POLICAN. 4 POLICAN Y CHIKIGATO;1;14,50
22/11/2025;9788467594454;POLICAN;1;14,50
22/11/2025;9788411207836;BYE.LOS ANIMALES;1;11,95
22/11/2025;9788419103352;EL COLEGIO DE LAS HADAS;1;27,96
22/11/2025;9788433947642;NUEVA ERA DEL KITSCH, LA;1;25,90
22/11/2025;9788408223436;LA NOCHE. TOCA Y ESCUCHA;1;14,96
22/11/2025;9788419102195;POLICAN.10 MADRES BORRASCOSAS;1;14,50
22/11/2025;9788434833630;ABEZOO;1;16,00
22/11/2025;9788469663240;¡CÓMO MOLA TU ESCOBA!;1;16,95
22/11/2025;9788469664575;HIJA GRÚFALO.MINICUENTO;1;12,50
22/11/2025;9788469643884;EL GRÚFALO. POP-UP;1;21,95
22/11/2025;9788469607824;ABECEMOCIONES;1;18,50
22/11/2025;9788494820694;TENGO UN VOLCAN;1;14,00
22/11/2025;9788411076784;ESE MONTON DE ESPEJOS ROTOS;1;23,90
25/11/2025;9788418945786;MELANCOLÍA DE LAS COSAS;1;21,95
25/11/2025;9788426402592;EL TANGO;1;8,00
25/11/2025;9788432242120;LA MALA COSTUMBRE;1;19,00
25/11/2025;9788420476179;LA PERRA;1;18,90
25/11/2025;9788478442584;EL ELOGIO DE LA SOMBRA;1;12,95
26/11/2025;9788414336854;CÓMO CELEBR LA NAVIDAD;1;9,95
26/11/2025;9788087656549;PRINCESA MIAMI;1;12,90
26/11/2025;9788087656594;LA NADA CUBANA;1;12,90
27/11/2025;9788433973009;ANTAGONÍA;1;29,90
27/11/2025;9788410317321;BELLEZA TERRIBLE, UNA;1;21,00
27/11/2025;9780197555675;RETROFITTING LENINISM;1;5,00
28/11/2025;9788418218576;MADRES E HIJOS;1;16,90
28/11/2025;9788418218576;MADRES E HIJOS;1;16,90
28/11/2025;9788418218576;MADRES E HIJOS;1;16,90
28/11/2025;9788410323988;CUADERNO DE INVIERNO. VOL. 6;1;12,90
28/11/2025;9788416251001;CASA,LA 8ªED;1;18,00
28/11/2025;9788410550667;LA.LA MAGIA DE LA NAVIDAD;1;14,50
28/11/2025;9788414340738;APESTOSO TIO MUFFIN ESPE;1;16,95
28/11/2025;9788496629394;¡CANTA, RUISEÑOR, CANTA!;1;11,00
28/11/2025;9788420478869;TRASTORNO;1;17,90
29/11/2025;9780714867526;MEXICO THE COOKBOOK;1;45,00
29/11/2025;9788419958228;LA LEYENDA DEL SANTO BEBEDOR;1;12,00
29/11/2025;9788433914699;SENDA DEL PERDEDOR, LA - CM;1;13,90
29/11/2025;9788410178779;HAMNET (EDICION ILUSTRADA);1;26,95
29/11/2025;9788420476889;EL CELO;1;19,90
29/11/2025;9788410163706;TRONO DE CRISTAL;1;19,50
29/11/2025;9788412198096;ESTA HERIDA LLENA DE PECES;1;16,90
02/12/2025;9788410550834;EL PLANETA TIERRA;1;19,95
04/12/2025;9788426405739;FICCIONES;1;17,90
09/12/2025;9788408306863;EL ULTIMO SECRETO;1;24,90
09/12/2025;9788410309166;ENSAYOS SOBRE EL NARRADOR, LOS;1;20,00
09/12/2025;9788433929457;HABITACIÓN DE LAS AHOGADAS, LA;1;12,90
09/12/2025;9788433999030;AMOR, UN;1;18,90
09/12/2025;9788413431338;CHIMICHIRRI;1;14,00
09/12/2025;9788413432526;LOS MIGRANTES;1;16,00
10/12/2025;9788410551756;PYA.BUSCA AL POLLO PEPE;1;15,95
10/12/2025;9788469623282;¿QUIERES TOCAR UN DINOSA;1;12,95
10/12/2025;9788417977580;HAMNET 17ªED;1;23,95
11/12/2025;9788419437808;LA SEDUCCIÓN / SEDUCTION;1;18,90
11/12/2025;9788410552067;POLICAN.13 ERASE UNA VEZ JOSELITO;1;14,50
11/12/2025;9788412808902;OCHO ENTREVISTAS INVENTADAS;1;13,90
11/12/2025;9788466345002;KASSEL NO INVITA A LA LÓGICA;1;12,95
12/12/2025;9788494157820;MONSTRUO DE COLORES,EL POP UP;1;24,90
12/12/2025;9788433929723;LIBRO DE LAS HERMANAS, EL;1;18,90
12/12/2025;9788433980830;GRATITUDES, LAS;1;19,90
12/12/2025;9788433030559;EL SILENCIO, LA DICHA;1;9,00
12/12/2025;9781948517102;EL COMPAÑERO QUE ME ATIENDE;1;20,00
12/12/2025;9788416858804;CASA DE LOS MIL PASILLOS,LA NE;1;17,95
12/12/2025;9788419835734;SECRETO DE LA ASISTENTA, EL;1;20,90
13/12/2025;9788433998972;VERDOR TERRIBLE, UN;1;18,90
13/12/2025;9788408304104;POBRE;1;19,90
13/12/2025;9788433929723;LIBRO DE LAS HERMANAS, EL;1;18,90
13/12/2025;9788412971880;LA CATEDRAL DE LA MUJER;1;15,00
13/12/2025;9788412971880;LA CATEDRAL DE LA MUJER;2;30,00
13/12/2025;9788412971880;LA CATEDRAL DE LA MUJER;1;15,00
13/12/2025;9788412971880;LA CATEDRAL DE LA MUJER;1;15,00
13/12/2025;9788412971880;LA CATEDRAL DE LA MUJER;1;15,00
13/12/2025;9788412971880;LA CATEDRAL DE LA MUJER;1;15,00
13/12/2025;9788412971880;LA CATEDRAL DE LA MUJER;1;15,00
16/12/2025;9788411828529;MPD.8 LOS VOLCANES;1;12,95
16/12/2025;9788418935695;POEMAS INMORALES;1;23,00
16/12/2025;9788427200074;DIARIO DE GREG 3. ESTO ES EL COLMO;1;15,95
16/12/2025;9788411822923;ANP.DETECTIVE EN ACCION;1;11,95
16/12/2025;9788412971880;LA CATEDRAL DE LA MUJER;1;15,00
16/12/2025;9788469665534;UNICORNIO BLANDITO;1;14,50
16/12/2025;9788466678605;MYTHOS: GUÍA ILUSTRADA DE MITOLOGÍA1GRIEGA /;1;21,90
16/12/2025;9788401020841;RECETA A RECETA;1;21,90
16/12/2025;9788433947918;MIL COSAS;1;18,90
17/12/2025;9788433929723;LIBRO DE LAS HERMANAS, EL;1;18,90
17/12/2025;9788418342257;LOS NOMBRES PROPIOS;1;19,90
17/12/2025;9788433998064;COSAS QUE PERDIMOS EN EL FUEGO, LAS;1;10,00
17/12/2025;9788418782060;ALEN ALEN;3;45,00
17/12/2025;9788437647982;"HIMMELWEG; EL JARDÍN QUE";3;49,50
17/12/2025;9788415130048;RULETISTA,EL 8ªED;1;12,95
17/12/2025;9788417726584;LA CASA HECHIZADA;1;13,50
17/12/2025;9791370090210;A SANGRE Y FUEGO;1;13,95
17/12/2025;9788419738684;FUEGO CRUZADO;1;28,00
17/12/2025;9788491996361;ESPAÑA DIVERSA;1;24,90
17/12/2025;9788415130048;RULETISTA,EL 8ªED;1;12,95
17/12/2025;9788432201738;MONTEDIDIO;2;19,90
17/12/2025;9788410206359;MARAVILLOSO MAGO DE OZ, EL;1;15,95
17/12/2025;9788410317208;PASIÓN DE LOS EXTRAÑOS, LA;1;18,90
17/12/2025;9788494176524;¡OH! LA LUNA;1;12,00
18/12/2025;9788433904966;LIBRE;1;20,90
18/12/2025;9791370090203;JUAN BELMONTE, MATADOR D;1;15,95
18/12/2025;9788411004190;EPIDEMIA ULTRA;1;19,90
18/12/2025;9788411004190;EPIDEMIA ULTRA;1;19,90
18/12/2025;9788410415133;EL FINAL DEL BOSQUE;1;19,95
18/12/2025;9788412842340;EL ARTE DE CONVERSAR;1;18,00
18/12/2025;9788410352018;HAN CANTADO BINGO;1;18,90
18/12/2025;9788425451447;LA SOCIEDAD DEL CANSANCIO;1;11,50
18/12/2025;9788411316729;LIBRO DE LOS VINOS DE JEREZ,EL NE;1;37,95
19/12/2025;9788412899511;NACIDOS DE LAS ESTRELLAS;1;29,00
19/12/2025;9788411822954;CHI.5 INFLUENCERS;1;12,50
19/12/2025;9788414340752;PEQUEÑO SHERLOCK NAVIDAD;1;14,90
19/12/2025;9788498569049;CHI.4 COLABORACIONES;1;12,50
19/12/2025;9788423365883;LOS NUEVOS;1;21,90
19/12/2025;9788433980830;GRATITUDES, LAS;1;19,90
19/12/2025;9788417977764;SEGUNDA CASA 2ªED;1;17,95
19/12/2025;9791370090517;¿QUÉ PASA CON BAUM?;1;20,50
20/12/2025;9788419654618;PAPÁ NOEL;1;16,90
20/12/2025;9788410171664;AMORES INCONSTANTES, LOS;1;21,90
20/12/2025;9788495359490;EL MUNDO DE AYER;1;30,00
20/12/2025;9788411823869;LF.25 EL MISTERIO DEL GOL DE ORO;1;12,95
20/12/2025;9788414336854;CÓMO CELEBR LA NAVIDAD;1;9,95
20/12/2025;9788410352018;HAN CANTADO BINGO;1;18,90
20/12/2025;9788412145700;COMO SI EXISTIESE EL PERDON 6ªED;1;15,95
20/12/2025;9788412757088;VIDAS SECAS;1;17,95
20/12/2025;9788433973764;CREMATORIO - CM;1;14,90
20/12/2025;9788469629550;JUEGA ESCONDITE LETRAS D;1;13,95
20/12/2025;9791221099836;DE ABRAZOS Y OTRAS INQUIETUDES;1;16,00
20/12/2025;9791221099836;DE ABRAZOS Y OTRAS INQUIETUDES;1;16,00
20/12/2025;9791221099836;DE ABRAZOS Y OTRAS INQUIETUDES;1;16,00
20/12/2025;9791221099836;DE ABRAZOS Y OTRAS INQUIETUDES;2;32,00
20/12/2025;9791221099836;DE ABRAZOS Y OTRAS INQUIETUDES;1;16,00
20/12/2025;9791221099836;DE ABRAZOS Y OTRAS INQUIETUDES;1;16,00
20/12/2025;9791221099836;DE ABRAZOS Y OTRAS INQUIETUDES;1;16,00
20/12/2025;9791221099836;DE ABRAZOS Y OTRAS INQUIETUDES;1;16,00
20/12/2025;9791221099836;DE ABRAZOS Y OTRAS INQUIETUDES;1;16,00
20/12/2025;9791221099836;DE ABRAZOS Y OTRAS INQUIETUDES;1;16,00
20/12/2025;9791221099836;DE ABRAZOS Y OTRAS INQUIETUDES;1;16,00
20/12/2025;9791221099836;DE ABRAZOS Y OTRAS INQUIETUDES;1;16,00
20/12/2025;9791221099836;DE ABRAZOS Y OTRAS INQUIETUDES;1;16,00
20/12/2025;9788417074241;¡A DIBUJAR!;1;16,50
20/12/2025;9791221099836;DE ABRAZOS Y OTRAS INQUIETUDES;1;16,00
22/12/2025;9788416748679;TANGO SATÁNICO;1;24,00
23/12/2025;9788408296225;RECONCILIACIÓN;1;24,90
23/12/2025;9788410309166;ENSAYOS SOBRE EL NARRADOR, LOS;1;20,00
23/12/2025;9788433948052;EL CONTRABANDO EJEMPLAR;1;19,90
23/12/2025;9788419834836;TRES MUERTES DE SARAH COLBERT, LAS;1;22,00
23/12/2025;9788433929457;HABITACIÓN DE LAS AHOGADAS, LA;1;12,90
23/12/2025;9788483835241;KAFKA EN LA ORILLA MAXI TUSQUETS;1;12,95
23/12/2025;9788412912524;SINDROME 1933 4ªED;1;19,95
24/12/2025;9788411582858;MI LIBRERÍA;1;22,90
24/12/2025;9788412978254;AVENTURAS DE MARCO POLO, LAS;1;19,90
24/12/2025;9788417074029;PIENSA Y CREA COMO UN ARTISTA;1;15,00
24/12/2025;9788419877352;SANTO TOMAS DE AQUINO;1;17,90
26/12/2025;9788415277477;EL TRIUNFO DE LA MÚSICA;1;29,00
26/12/2025;9788419437983;ALIMENTAR A LOS FANTASMAS;1;32,90
26/12/2025;9788410060593;TEBANAS;1;16,50
26/12/2025;9788410060593;TEBANAS;1;16,50
26/12/2025;9788412145762;DIME UNA ADIVINANZA 3ªED;1;17,95
26/12/2025;9788469643884;EL GRÚFALO. POP-UP;1;21,95
26/12/2025;9788410060593;TEBANAS;1;16,50
26/12/2025;9788401037016;GUERRA SUCIA;1;24,90
27/12/2025;9788410415188;POEMAS ESCOGIDOS 1962-1996;1;22,95
27/12/2025;9788433960733;CHICAS, LAS - CM;1;13,90
27/12/2025;9788408296225;RECONCILIACIÓN;1;24,90
27/12/2025;9788419620729;SUPERVIVIENTE DE AUSCHWITZ,EL 2ªED;1;12,90
27/12/2025;9788437608662;CAMPOS DE CASTILLA;1;10,50
27/12/2025;9788419654618;PAPÁ NOEL;1;16,90
27/12/2025;9780241664124;CAMIONES;1;7,95
27/12/2025;9780241664148;PEQUEÑOS DINOSAURIOS;1;7,95
27/12/2025;9788411207836;BYE.LOS ANIMALES;1;11,95
27/12/2025;9788419102324;ANP.UNA CARRERA MUY MARRON;2;23,90
27/12/2025;9788419102331;ANP.UNA AVENTURA SIN PANTALON;2;23,90
27/12/2025;9788491077701;BVBOC.2 LOS MONSTRUOS NO ME DEJAN 1DORMI;1;8,50
27/12/2025;9788430971152;POLÍTICAS DEL ODIO;1;28,95
27/12/2025;9788410178359;REVOLUCION;1;26,95
27/12/2025;9788410178427;SIETE AÑOS EN EL TIBET;1;24,95
30/12/2025;9788433920423;CONJURA DE LOS NECIOS, LA - CM;1;13,90
30/12/2025;9788496333604;LA CONJURA DE LOS NECIOS;1;8,00
30/12/2025;9788419654892;BLACKWATER I. LA RIADA;1;9,90
30/12/2025;9788419654915;BLACKWATER II. EL DIQUE;1;9,90
30/12/2025;9788419654953;BLACKWATER IV. LA GUERRA;1;9,90
30/12/2025;9788419654977;BLACKWATER V. LA FORTUNA;1;9,90
31/12/2025;9788418342257;LOS NOMBRES PROPIOS;1;19,90
31/12/2025;9788449342868;TODA LA BELLEZA DEL MUNDO;1;19,90
31/12/2025;9788419085672;ESCUELA DE MONSTRUOS;1;7,95
31/12/2025;9788420479446;MISIÓN EN PARÍS;1;21,90
02/01/2026;9788414334478;ANA DE LAS TEJAS VERDES;1;13,95
02/01/2026;9788433997906;BLITZ;1;5,00
02/01/2026;9788419036728;LOS COMIENZOS DEL JAZZ;1;30,00
02/01/2026;9788410060593;TEBANAS;3;49,50
03/01/2026;9788417726331;FRANKENSTEIN O EL MODERNO PROMETEO;1;15,00
03/01/2026;9788413923642;GUIA PARA OBSERVAR EL OCEANO;1;15,95
03/01/2026;9788410080423;ENFERMERA DE AUSCHWITZ,LA 2ªED;1;6,90
03/01/2026;9788490326398;LAS LEYES DE LA FRONTERA;1;9,95
03/01/2026;9788411483599;CUENTOS DE NAVIDAD;1;14,90
03/01/2026;9788432244988;EL VERANO DE CERVANTES;1;22,90
03/01/2026;9788437624129;EPISODIOS NACIONALES;1;30,95
03/01/2026;9788469602591;ASTÉRIX Y LOS JJ OO;1;12,95
03/01/2026;9788483839492;UNDERGROUND;1;22,90
03/01/2026;9788491299684;BAILAR LENTO;1;21,90
03/01/2026;9788410527768;DESDE UN JARDIN EN LAUSANA;1;26,46
03/01/2026;9788419036445;TREN A SAMARCANDA;1;32,00
03/01/2026;9788496834996;VIAJE AL PASADO;1;12,00
03/01/2026;9781526615718;T;1;5,00
03/01/2026;9788494001949;CUADERNO BLACKIE BOOKS. VOL. 1;1;12,90
05/01/2026;9788416588435;INVISIBLE;1;15,95
05/01/2026;9788466344357;AMIGA ESTUPENDA, LA (DOS AMIGAS 1);1;12,95
05/01/2026;9788417977580;HAMNET 17ªED;1;23,95
05/01/2026;9788418187360;PERRO APESTOSO, ¡FELIZ NAVIDAD!;1;13,90
05/01/2026;9788410550520;EL GRAN LIBRO-JUEGO DE NAVIDAD;1;17,95
05/01/2026;9788413921419;CHI.1 EL CLUB DE COMIC DE CHIKIGATO;1;12,50
05/01/2026;9788466329149;EL CAPITÁN ALATRISTE;1;10,95
05/01/2026;9788414343050;PEQUEÑO SHERLOCK: EL;1;7,95
05/01/2026;9788426432711;PALABRAS DE LA NOCHE, LAS;1;19,90
05/01/2026;9788410317680;IRAS, LAS;1;17,00
05/01/2026;9788419942319;LA PENÍNSULA DE LAS CASAS VACÍAS;1;26,00
05/01/2026;9788432242120;LA MALA COSTUMBRE;1;19,00
05/01/2026;9788410060593;TEBANAS;1;16,50
07/01/2026;9788433960764;ESTUPOR Y TEMBLORES - CM;1;10,90
07/01/2026;9788469603185;APRENDO GRÚFALO. COLORES;1;9,50
07/01/2026;9788483932827;LAS VOLADORAS;1;16,00
08/01/2026;9788418733932;CONQUISTA DE LO INÚTIL. NUEVA EDICIÓN.;1;23,00
08/01/2026;9788413188546;IMAGINARIO DE COLORES DE ANIMALES;1;5,95
08/01/2026;9788491073048;MMA.LOS DINOSAURIOS;1;5,95
08/01/2026;9788419819802;CROSS GAME 4;1;16,95
08/01/2026;9788437649146;MIS PÁGINAS MEJORES;1;17,50
08/01/2026;9788410352018;HAN CANTADO BINGO;1;18,90
08/01/2026;9788419942319;LA PENÍNSULA DE LAS CASAS VACÍAS;1;26,00
09/01/2026;9788466367349;EL ITALIANO;1;13,95
09/01/2026;9788413188188;DINOSAURIA VA DE VIAJE;1;5,95
09/01/2026;9788423353842;EL CAMINO;1;10,95
09/01/2026;9788423354276;EL HEREJE;1;11,95
09/01/2026;9788466367349;EL ITALIANO;1;13,95
09/01/2026;9788420697987;VIEJAS HISTOR.CASTILLA V;1;11,95
09/01/2026;9788439736264;LAS AVENTURAS DE LA CHINA IRON;1;16,90
10/01/2026;9788413185507;POLICAN. 5 EL SE¥OR DE LAS PULGAS;1;14,50
10/01/2026;9788413183343;MMA.EL CIELO Y LAS ESTRELLAS;1;5,95
10/01/2026;9788491825364;LC.TOCA Y BUSCA;1;5,95
10/01/2026;9788413189130;LA VIDA SECRETA DE LAS SIRENAS;1;5,95
10/01/2026;9788417617349;TEMPESTALIDAS, LAS 4ªED;1;25,00
10/01/2026;9788413180366;LA VIDA SECRETA DE LOS UNICORNIOS;1;5,95
10/01/2026;9788411582858;MI LIBRERÍA;1;22,90
10/01/2026;9788467582956;ABRAZAME;1;12,95
10/01/2026;9788413921662;INVENTOS BESTIALES;1;5,95
10/01/2026;9788410352018;HAN CANTADO BINGO;1;18,90
10/01/2026;9788433960764;ESTUPOR Y TEMBLORES - CM;1;10,90
10/01/2026;9788491813590;LAS UVAS DE LA IRA;1;13,95
10/01/2026;9788412281743;UNA TRENZA DE HIERBA SAGRADA 10ªED;1;24,00
10/01/2026;9788415934622;VIVIR ABAJO 5ªED;1;23,00
10/01/2026;9780241956533;THE HELP;1;5,00
10/01/2026;9788419583499;UTOPÍAS URBANÍSTICAS;1;27,90
10/01/2026;9788426424518;UN BALLET DE LEPROSOS;1;20,90
10/01/2026;9780525559498;THE MIDNIGHT LIBRARY;1;5,00
10/01/2026;9788410080461;HABITACION DE INVITADOS, LA;1;6,90
10/01/2026;9788410080478;UNA FAMILIA CASI PERFECTA;1;6,90
10/01/2026;9788419654892;BLACKWATER I. LA RIADA;1;9,90
10/01/2026;9788466363976;PURGATORIO;1;12,95
10/01/2026;9788491296874;ESNOB / SNOB;1;21,90
13/01/2026;9788413185408;CCM.LOS NUMEROS DEL 1 AL 10;1;5,95
13/01/2026;9788413185576;EL INCREIBLE UNIVERSO;1;5,95
13/01/2026;9788413921693;LA BELLA DURMIENTE;1;5,95
13/01/2026;9788410163720;HEREDERA DE FUEGO (NE);1;21,00
13/01/2026;9788410551848;LF.LA HIS DEL FUTBOL CONTADA POR LOS1 FUT;1;18,95
14/01/2026;9788426420190;POESÍA COMPLETA;1;25,90
14/01/2026;9786071126801;LAS REPUTACIONES;1;6,00
14/01/2026;9788432230264;EL BESO DE LA MUJER ARAÑA;1;4,00
14/01/2026;9789878319902;BOQUITAS PINTADAS;1;8,00
14/01/2026;9788410138162;TÉ PARA LOS FANTASMAS;1;23,95
14/01/2026;9788433014443;BIBLIA DE BOLSILLO MODELO 0;1;17,21
14/01/2026;9788410060593;TEBANAS;1;16,50
15/01/2026;9788433998934;POETA CHILENO;1;21,90
15/01/2026;9788432242120;LA MALA COSTUMBRE;1;19,00
16/01/2026;9788472232440;EL LIBRO DE LOS AMORES RIDÍCULOS;1;7,00
16/01/2026;9788420471839;CIEN AÑOS DE SOLEDAD;1;17,90
16/01/2026;9788437638973;LA CIUDAD Y LOS PERROS;1;15,95
16/01/2026;9791399128536;LA OSCURIDAD NO LLEGO SOLA;1;49,90
16/01/2026;9788075212115;DESPUÉS DE LA NOCHE;1;12,90
16/01/2026;9788418694257;DESOLACION;1;14,96
16/01/2026;9788493600730;DESCORTESIA DEL SUICIDA;1;12,00
17/01/2026;9788410183438;UN PASEO ENTRE VAMPIROS;1;19,95
17/01/2026;9788410550827;EPL.PACK UN CUENTO PARA CADA LETRA1 MAYUS;1;22,95
17/01/2026;9788412850154;CINCO CRÓNICAS AMERICANAS;1;19,90
17/01/2026;9788419261335;NO TODO EL MUNDO 7ªED;1;18,90
17/01/2026;9788417977580;HAMNET 17ªED;1;23,95
20/01/2026;9788418128950;ANA LA DE TEJAS VERDES 15ªED;1;11,90
21/01/2026;9788410060593;TEBANAS;1;16,50
21/01/2026;9791387600266;SI EINSTEIN LO HUBIERA SABIDO;1;24,90
21/01/2026;9788412582024;EL CIELO DE LA SELVA;1;20,90
21/01/2026;9788466347174;LA NOVIA GITANA;1;12,95
22/01/2026;9788430627530;REINAR EN FEMENINO;1;24,90
22/01/2026;9788491816652;ACTIVISMO EN EL ARTE;1;22,50
22/01/2026;9788417977580;HAMNET 17ªED;1;23,95
22/01/2026;9788411209786;POLICAN.11 VEINTE MIL PULGAS DE VIAJE1SU;1;14,50
23/01/2026;9788467594454;POLICAN;1;14,50
23/01/2026;9788491077411;POLICAN. 2 SITUACION DESESPERADA;1;14,50
23/01/2026;9791370090517;¿QUÉ PASA CON BAUM?;1;20,50
23/01/2026;9788467067514;LOS INGRATOS;1;10,95
24/01/2026;9788420453996;OXIGENO;1;18,90
24/01/2026;9788413183336;MMA.BIENVENIDO AL CIRCO;1;5,95
24/01/2026;9788410352018;HAN CANTADO BINGO;1;18,90
24/01/2026;9788413920276;¨COMO ESTA,SE¥OR LOBO?;1;5,95
24/01/2026;9788410309166;ENSAYOS SOBRE EL NARRADOR, LOS;1;20,00
24/01/2026;9788413187808;LC.¨ADONDE VA OSITO?;1;5,95
24/01/2026;9788413183374;UN BESO PARA TI;1;5,95
24/01/2026;9788413922591;SI EN EL MUNDO HUBIERA 100 ANIMALES;1;5,95
24/01/2026;9788466320269;TIERRA DE NADIE;1;5,00
24/01/2026;9788433922861;LUGAR SOLEADO PARA GENTE SOMBRÍA,1UN;1;19,90
24/01/2026;9788413185651;LA LLAMA MATILDE;1;5,95
24/01/2026;9788469667712;EL GRÚFALO. LIBRODEDO;1;13,95
24/01/2026;9788401413827;LOS VERSOS SATÁNICOS;1;5,00
24/01/2026;9789500428040;EL SONIDO DE LA MONTAÑA;1;5,00
24/01/2026;9788433972712;PLATA QUEMADA;1;7,00
27/01/2026;9788423412648;ECONOMIA BASICA;1;29,95
28/01/2026;9788469664575;HIJA GRÚFALO.MINICUENTO;1;12,50
29/01/2026;9788420453996;OXIGENO;1;18,90
29/01/2026;9788423687268;MARINA;1;4,00
29/01/2026;9788484452065;EL PODER DEL AHORA;1;5,00
29/01/2026;9789878011547;LAS CRISIS DE LA DEMOCRACIA;1;5,00
29/01/2026;9788416677627;MUJER SINGULAR Y LA CIUDAD,LA 5ªED;1;17,90
29/01/2026;9788419261175;FIN DE LA NOVELA DE AMOR, EL 2ªED;1;18,90
29/01/2026;9788420477169;LAS INDIGNAS;1;18,90
29/01/2026;9788432222719;LA RIDÍCULA IDEA DE NO VOLVER A VERTE;1;5,00
29/01/2026;9788432242328;NO TE VERÉ MORIR;1;6,00
29/01/2026;9788498387117;Y TÚ NO REGRESASTE;1;5,00
29/01/2026;9788469643891;¡BUENAS NOCHES, TIGRE!;1;12,95
30/01/2026;9788420465579;EL PARAÍSO EN LA OTRA ESQUINA;1;8,00
30/01/2026;9788491294283;ASISTENTA, LA;1;19,90
30/01/2026;9788412386172;COLORES DE LA NATURALEZA, LOS;1;39,00
30/01/2026;9788433980830;GRATITUDES, LAS;1;19,90
30/01/2026;9788403524323;100 LECCIONES DE NEUROCIENCIA;1;21,90
30/01/2026;9788410183179;EL ATLAS DEL TIEMPO;1;19,95
30/01/2026;9788469668665;EL RATÓN LADRÓN;1;16,95
30/01/2026;9788466358293;EL INFINITO EN UN JUNCO;1;13,95
31/01/2026;9788491827832;MPLA.LAS CRIAS DE LOS ANIMALES;1;5,95
31/01/2026;9788498569353;MPCP.LA CIUDAD ANIMADA;1;5,95
31/01/2026;9788413188959;CLN.MI PLANETA,MI CASA;1;5,95
31/01/2026;9788491820741;MMA.LOS PIRATAS;1;5,95
31/01/2026;9788419942319;LA PENÍNSULA DE LAS CASAS VACÍAS;1;26,00
31/01/2026;9788437602356;NARRACIONES;1;4,00
31/01/2026;9788466313025;QUEREMOS TANTO A GLENDA;1;4,00
31/01/2026;9788419047304;LOS ARMARIOS VACÍOS;1;19,95
31/01/2026;9788494443404;LA MUJER HELADA;1;19,95
31/01/2026;9788410025240;CUATRO HERMANAS: ENID;1;16,90
31/01/2026;9788411829434;CL.1 MAREAS DE MAGIA;1;10,95
31/01/2026;9788413189000;MPLA.LA ESCUELA INFANTIL;1;5,95
03/02/2026;9788416213986;TIENE QUE SER AQUI 11ªED;1;23,95
03/02/2026;9788419654977;BLACKWATER V. LA FORTUNA;1;9,90
03/02/2026;9791399128512;LA OSCURIDAD NO LLEGO SOLA 2VOL;1;49,90
03/02/2026;9791399128536;LA OSCURIDAD NO LLEGO SOLA;1;49,90
03/02/2026;9791399128536;LA OSCURIDAD NO LLEGO SOLA;1;49,90
04/02/2026;9788423361427;CASTELLANO;1;10,95
04/02/2026;9788499898636;TODO OSCURO, SIN ESTRELLAS;1;12,95
04/02/2026;9788420434896;MI AÑO DE DESCANSO Y RELAJACION;1;19,90
05/02/2026;9788401033308;LAS FRASES ROBADAS;1;21,90
05/02/2026;9788410183292;EL RÍO BAJA SUCIO;1;14,90
05/02/2026;9788418342257;LOS NOMBRES PROPIOS;1;19,90
05/02/2026;9788408304104;POBRE;1;5,20
05/02/2026;9788420473437;VIVIR ADREDE;1;7,00
05/02/2026;9788433977366;NADA SE OPONE A LA NOCHE - CM;1;13,90
06/02/2026;9788413181943;EL MAR AZUL;1;5,95
06/02/2026;9788491073062;MMA.LOS BOMBEROS;1;5,95
06/02/2026;9788413921068;LOS MURCIELAGOS;1;5,95
06/02/2026;9788413923680;CLN.¨PARA QUE SIRVE LA NATURALEZA?;1;5,95
07/02/2026;9788411206457;LA VUELTA AL MUNDO EN 80 ARBOLES;1;5,95
07/02/2026;9788413182698;MAF.OSOS;1;5,95
07/02/2026;9788491820765;SUPE.ANIMALES DE RECORD;1;5,95
07/02/2026;9788467578713;PYA.EL POLLO PEPE VA AL COLEGIO;1;12,95
07/02/2026;9788491073499;LA PREOCUPACION DE LUCIA;1;12,95
07/02/2026;9788413182766;PGS.A VECES ESTOY PREOCUPADO;1;5,95
07/02/2026;9788467592139;SUPE.-TODOS A LA LUNA!;1;5,95
07/02/2026;9788491827825;MPLA.LAS OBRAS;1;5,95
07/02/2026;9788418342257;LOS NOMBRES PROPIOS;1;19,90
07/02/2026;9788467592122;SUPE.UN MUNDO DE AVENTURAS;1;5,95
07/02/2026;9788408299646;GS. REBELIÓN EN LA GRANJA;1;13,95
07/02/2026;9788414336632;GATA A LA FUGA. LIBRO 1;1;13,95
07/02/2026;9788467545722;CPSE.EL CIEMPIES BAILARIN;1;9,50
07/02/2026;9788498564976;BVBTM. 5 EL DESEO DE TROTI;1;8,50
07/02/2026;9788420682617;DON SANDALIO, JUGADOR DE;1;11,95
07/02/2026;9788494105449;NIÑA, LUNA;1;7,00
07/02/2026;9791399128536;LA OSCURIDAD NO LLEGO SOLA;1;49,90
07/02/2026;9780141391816;FEVER PITCH;1;5,00
07/02/2026;9788412782738;SOPA DE MISO;1;22,50
10/02/2026;9788413184708;SUPE.LA MITOLOGIA GRIEGA;1;5,95
10/02/2026;9788413927466;SUA.APRENDO INGLES;1;6,95
10/02/2026;9788491073093;SUPE.EL CUERPO HUMANO;1;5,95
10/02/2026;9788419475398;EL LIBRO QUE SABE HACER DE TODO;1;15,00
10/02/2026;9788490657348;GUERRA Y PAZ ESTUCHE 2 VOL.;1;69,50
10/02/2026;9788410496002;MUY CATASTRÓFICA VISITA AL ZOO, LA;1;19,90
10/02/2026;9788408155768;CRIMEN Y CASTIGO;1;14,96
11/02/2026;9788410942257;DAMAS IBERICAS;1;22,90
11/02/2026;9788410257184;ASISTENTA TE VIGILA, LA;1;20,90
11/02/2026;9788439745297;LOCO DE DIOS EN EL FIN DEL MUNDO. EL;1;23,90
11/02/2026;9788469643891;¡BUENAS NOCHES, TIGRE!;1;12,95
11/02/2026;9788410496002;MUY CATASTRÓFICA VISITA AL ZOO, LA;1;19,90
11/02/2026;9788416261918;ME LLAMO LUCY BARTON;1;6,00
12/02/2026;9788433998774;CANTO YO Y LA MONTAÑA BAILA;1;18,90
13/02/2026;9788466356237;LA BUENA SUERTE;1;11,95
13/02/2026;9788496940000;EL MÉDICO;1;5,00
13/02/2026;9788410107151;BARMAN DEL RITZ, EL;1;21,00
13/02/2026;9788425451447;LA SOCIEDAD DEL CANSANCIO;1;11,50
14/02/2026;9780241664124;CAMIONES;1;7,95
14/02/2026;9788413183138;ATLAS DE SIRENAS;1;5,95
14/02/2026;9788413188355;LC.DINO NINO JUEGA AL ESCONDITE;1;5,95
14/02/2026;9788439744061;BLANCURA;1;17,90
14/02/2026;9788423353842;EL CAMINO;1;10,95
14/02/2026;9788420428925;CUENTOS COMPLETOS;1;24,90
14/02/2026;9788418359682;REINO DE LADRONES - RTC 11ªED;1;19,50
14/02/2026;9788437632674;MADRID, 1939;1;17,50
14/02/2026;9788466360166;ASTILLAS EN LA PIEL;1;12,95
14/02/2026;9788466362108;LA SUERTE DEL ENANO;1;12,95
14/02/2026;9788466370752;NOS CRECEN LOS ENANOS;1;12,95
14/02/2026;9780195368826;FALLING BEHIND;1;10,00
14/02/2026;9780241300718;LEADERSHIP;1;6,00
14/02/2026;9781846684982;THE GUN THE SHIP & THE PEN;1;6,00
17/02/2026;9788411485562;LA SUBVERSIÓN DE BETI GA;1;13,95
17/02/2026;9789200040498;ESTA ES TU CASA, FIDEL;1;8,00
18/02/2026;9788433948861;BUKELE, EL REY DESNUDO;1;13,90
18/02/2026;9788413921419;CHI.1 EL CLUB DE COMIC DE CHIKIGATO;1;12,50
18/02/2026;9788420433240;LA OCTAVA VIDA;1;28,90
19/02/2026;9788484456810;ESTE DOLOR NO ES MIO;1;14,00
19/02/2026;9788466354813;UN CUENTO PERFECTO;1;11,95
19/02/2026;9788413922140;CARAMELO;1;10,95
19/02/2026;9788433980830;GRATITUDES, LAS;1;19,90
19/02/2026;9788484726388;PAJAROS PERDIDOS 2ªED;1;10,00
19/02/2026;9788408234555;LA BUENA COCINA;1;15,00
20/02/2026;9788410323575;CUADERNO BLACKIE BOOKS. VOL. 14;1;12,90
20/02/2026;9788466350815;LA PEREGRINA;1;12,95
20/02/2026;9788433980830;GRATITUDES, LAS;1;19,90
20/02/2026;9788413185637;EL VIAJE DE ROSA;1;5,95
20/02/2026;9788413432847;UN PEZ ES UN PEZ;1;16,00
20/02/2026;9788417742485;COLORES;1;12,50
21/02/2026;9788420473666;EL TIEMPO DE LAS MOSCAS;1;21,90
21/02/2026;9788495971135;CUATRO AMIGOS;1;4,00
21/02/2026;9788417742485;COLORES;1;12,50
21/02/2026;9788467592122;SUPE.UN MUNDO DE AVENTURAS;1;5,95
21/02/2026;9788491073109;SUPE.¨SABES POR QUE...?;1;5,95
21/02/2026;9788427204164;DIARIO DE GREG 7;1;15,95
21/02/2026;9788433999030;AMOR, UN;1;18,90
21/02/2026;9788413188430;BIENVENIDOS,BEBES;1;5,95
21/02/2026;9788469644607;PINTURA MÁGICA GRÚFALO;1;10,95
24/02/2026;9788469663455;EL GRÚFALO.MINICUENTO;1;12,50
24/02/2026;9788491390046;LA TENTACIÓN DE SER FELICES;1;6,00
24/02/2026;9788498387544;HARRY POTTER Y EL LEGADO MALDITO;1;5,00
24/02/2026;9789463592215;SUPERFÁCIL;1;5,00
25/02/2026;9788420419237;LO QUE ESTÁ EN MI CORAZÓN;1;18,90
25/02/2026;9788433960764;ESTUPOR Y TEMBLORES - CM;1;10,90
25/02/2026;9788497110631;EXPIACIÓN;1;6,00
25/02/2026;9788420427362;BERTA ISLA;1;21,90
25/02/2026;9788496834996;VIAJE AL PASADO;1;12,00
25/02/2026;9788433960818;TAMBIÉN ESTO PASARÁ - CM;1;11,90
25/02/2026;9788417932879;PERSUASION Y PODER 2ªED;1;19,90
26/02/2026;9788411829533;L.LOS SENTIMIENTOS DE LULU;1;10,95
26/02/2026;9788413185392;CCM.LOS COLORES;1;5,95
26/02/2026;9788420453996;OXIGENO;1;18,90
27/02/2026;9788420434643;LA FIESTA DEL CHIVO;1;22,90
27/02/2026;9788420434643;LA FIESTA DEL CHIVO;1;22,90
27/02/2026;9788413188195;DINOSAURIA SE MUEVE;1;5,95
27/02/2026;9788413625447;EL JUGADOR [EDICIÓN ILUS;1;18,00
27/02/2026;9788411208604;SUT.SUPERTATA;1;3,95
27/02/2026;9788469663455;EL GRÚFALO.MINICUENTO;1;12,50
27/02/2026;9780987956507;LETRAS DE TANGO;1;5,00
27/02/2026;9788418945069;ARCHIPIÉLAGO;1;21,95
27/02/2026;9788420406824;EL SUEÑO DEL CELTA;1;10,00
27/02/2026;9788432210006;EL ENREDO DE LA BOLSA Y LA VIDA;1;5,00
27/02/2026;9788433968913;INGLATERRRA, INGLATERRA;1;6,00
27/02/2026;9788439741008;LA CARRETERA;1;19,90
27/02/2026;9788419942319;LA PENÍNSULA DE LAS CASAS VACÍAS;1;26,00
27/02/2026;9788420453996;OXIGENO;1;18,90
27/02/2026;9788433949011;JEFAS, LAS;1;18,90
28/02/2026;9788466357593;EL AMANTE JAPONÉS;1;12,95
28/02/2026;9788466344869;AIRE DE DYLAN / DYLAN´S AIR;1;11,95
28/02/2026;9791387574727;CARTERA, LA (CAJA ED. ESPECIAL);1;29,90
28/02/2026;9788414339244;TRES MONSTRUOS EN PIJAMA;1;13,50
28/02/2026;9788491073086;SUPE.-PIRATAS AL ABORDAJE!;1;5,95
28/02/2026;9788433947918;MIL COSAS;1;18,90
28/02/2026;9789200040733;CUADERNO;1;7,99
28/02/2026;9788419261120;DIENTES DE LECHE;1;17,50
28/02/2026;9788433999542;FAMILIA, LA;1;18,90
28/02/2026;9788418037016;PROYECTO HAIL MARY;1;22,90
03/03/2026;9788434856813;PYA.EL POLLO PEPE;1;12,95
03/03/2026;9788410138407;BIBLIOTECA MEDIANOCHE;1;11,95
03/03/2026;9788413923628;SECRETOS DEL CIELO;1;9,95
03/03/2026;9788439744054;MARCIANO;1;21,90
03/03/2026;9788469641477;QUIERES TOCAR UNICORNIO;1;13,50
03/03/2026;9788411822954;CHI.5 INFLUENCERS;1;12,50
03/03/2026;9788414315415;LOS CUENTOS DE LOLA;1;16,95
03/03/2026;9788419102195;POLICAN.10 MADRES BORRASCOSAS;1;14,50
04/03/2026;9788418342257;LOS NOMBRES PROPIOS;1;19,90
04/03/2026;9788410178595;COMERAS FLORES;1;19,95
04/03/2026;9788410299429;NAZARENA;1;19,90
05/03/2026;9788419089823;DISTANCIA QUE NOS SEPARA, LA (4ª ED.);1;22,95
05/03/2026;9780241139981;THE AUTOGRAPH MAN;1;5,00
05/03/2026;9781622038992;THINGS THAT JOIN THE SEA AND SKY;1;5,00
05/03/2026;9788420674209;EL GUARDIÁN ENTRE EL CENTENO;1;5,00
05/03/2026;9788433980830;GRATITUDES, LAS;1;19,90
05/03/2026;9788410178595;COMERAS FLORES;1;19,95
06/03/2026;9788419942319;LA PENÍNSULA DE LAS CASAS VACÍAS;1;26,00
06/03/2026;9788410178595;COMERAS FLORES;1;19,95
06/03/2026;9788419475008;PIPPI CELEBRA SU CUMPLEAÑOS;1;14,50
06/03/2026;9788433949011;JEFAS, LAS;1;18,90
06/03/2026;9788410249134;PRIMERO ESTABA EL MAR;1;17,90
06/03/2026;9788412408188;QUEBRADA 5ªED;1;16,95
06/03/2026;9788412642612;ME VERAS CAER 2ªED;1;16,95
06/03/2026;9788420453996;OXIGENO;1;18,90
06/03/2026;9788498388800;TRENZA, LA;1;19,00
07/03/2026;9788419942319;LA PENÍNSULA DE LAS CASAS VACÍAS;1;26,00
07/03/2026;9788413431789;ESPERANDO EL AMANECER;1;16,50
07/03/2026;9788413431888;CHIVOS CHIVONES;1;14,00
07/03/2026;9788496489509;EL REGRESO DE LOS DIOSES;1;25,00
07/03/2026;9788413924236;LA CASA EMBRUJADA;1;12,95
07/03/2026;9788419085672;ESCUELA DE MONSTRUOS;1;7,95
07/03/2026;9788419521491;S. EL BARCO DE TESEO;1;49,00
07/03/2026;9788466683081;MENTIRA;1;24,90
07/03/2026;9788413188966;CLN.ME GUSTA CUIDAR LA NATURALEZA;1;5,95
07/03/2026;9789200040542;EL OLVIDO QUE SEREMOS;1;7,00
07/03/2026;9788419834133;COSAS INVISIBLES;1;16,90
07/03/2026;9788413185743;ILUMINASAURIOS;1;9,95
07/03/2026;9789200040986;1984;1;7,00
07/03/2026;9788420608433;NIEBLA;1;13,95
10/03/2026;9789200041013;CRIMEN Y CASTIGO;1;6,00
10/03/2026;9788415937548;LA CIUDAD DE LAS DAMAS;1;18,95
10/03/2026;9788411077484;MAITE;1;22,90
10/03/2026;9788418050350;REDES (INVISIBLE 2);1;15,95
10/03/2026;9788433980830;GRATITUDES, LAS;1;19,90
10/03/2026;9788419746078;ESCUELA DE MONSTRUOS;1;7,95
12/03/2026;9788427216907;DIARIO DE GREG 16: EL NÚMERO 1;1;15,95
12/03/2026;9789200040559;LOS INOCENTES;1;7,00
13/03/2026;9788433980830;GRATITUDES, LAS;1;19,90
13/03/2026;9788433977199;METAFÍSICA DE LOS TUBOS - CM;1;11,90
13/03/2026;9788087656549;PRINCESA MIAMI;1;12,90
13/03/2026;9788412661828;LAS INCONSTANTES;1;16,00
13/03/2026;9788494909504;LA AZOTEA;1;16,90
13/03/2026;9798250180542;OLVIDOS Y OBITUARIOS;1;20,00
13/03/2026;9798250180542;OLVIDOS Y OBITUARIOS;1;20,00
13/03/2026;9788433999542;FAMILIA, LA;1;18,90
13/03/2026;9798250180542;OLVIDOS Y OBITUARIOS;1;20,00
13/03/2026;9788491056645;CUMBRES BORRASCOSAS;1;15,95
13/03/2026;9798250180542;OLVIDOS Y OBITUARIOS;2;40,00
13/03/2026;9798250180542;OLVIDOS Y OBITUARIOS;1;20,00
13/03/2026;9798250180542;OLVIDOS Y OBITUARIOS;1;20,00
13/03/2026;9788494909504;LA AZOTEA;1;16,90
13/03/2026;9798250180542;OLVIDOS Y OBITUARIOS;1;20,00
13/03/2026;9798250180542;OLVIDOS Y OBITUARIOS;1;20,00
13/03/2026;9798250180542;OLVIDOS Y OBITUARIOS;1;20,00
13/03/2026;9798250180542;OLVIDOS Y OBITUARIOS;1;20,00
13/03/2026;9798250180542;OLVIDOS Y OBITUARIOS;1;20,00
13/03/2026;9788410552067;POLICAN.13 ERASE UNA VEZ JOSELITO;1;14,50
13/03/2026;9788491820246;POLICAN. 3 HISTORIA DE DOS MININOS;1;14,50
14/03/2026;9788417977580;HAMNET 17ªED;1;23,95
14/03/2026;9789200040733;CUADERNO;1;7,99
14/03/2026;9788426403278;TAN POCA VIDA;1;25,90
14/03/2026;9798244542844;NONADANADIE;1;20,00
14/03/2026;9798244542844;NONADANADIE;2;40,00
14/03/2026;9788401037078;CUANDO ELLOS SE VAN;1;21,90
14/03/2026;9788410025233;QUIERO Y NO PUEDO;1;21,90
14/03/2026;9788469663028;ZOG Y LOS DOCTORES VOLAD;1;16,95
14/03/2026;9798244542844;NONADANADIE;1;20,00
14/03/2026;9788413189888;SUPE.MUSICA Y SONIDOS DEL MUNDO;1;5,95
14/03/2026;9788467537291;AGILMENTE TURQUESA;1;3,95
14/03/2026;9788466683081;MENTIRA;2;49,80
14/03/2026;9798244542844;NONADANADIE;1;20,00
14/03/2026;9798244542844;NONADANADIE;1;20,00
14/03/2026;9798244542844;NONADANADIE;1;20,00
14/03/2026;9798244542844;NONADANADIE;1;20,00
14/03/2026;9798244542844;NONADANADIE;1;20,00
14/03/2026;9798244542844;NONADANADIE;1;20,00
14/03/2026;9798244542844;NONADANADIE;1;20,00
14/03/2026;9798244542844;NONADANADIE;1;20,00
14/03/2026;9798244542844;NONADANADIE;1;20,00
14/03/2026;9798244542844;NONADANADIE;1;20,00
14/03/2026;9798244542844;NONADANADIE;3;60,00
16/03/2026;9791387745844;GETSEMANI;1;12,00
17/03/2026;9788433948892;SUICIDAS DEL FIN DEL MUNDO, LOS;1;18,90
17/03/2026;9788410293182;EL DESCONTENTO (EDICION ESPECIAL);1;20,90
17/03/2026;9788466374385;EL TERCER PAÍS;1;12,95
18/03/2026;9798244542844;NONADANADIE;2;40,00
18/03/2026;9789200040917;THE LITTLE BLACK SONGBOOK;1;5,00
19/03/2026;9788412403978;MITOS SOBRE EL ORIGEN DEL FUEGO;1;19,50
19/03/2026;9781948517942;CUBA TOTALITARIA;1;17,00
19/03/2026;9789505576142;BREVE HISTORIA DE LA ARGENTINA;1;5,00
19/03/2026;9788413148465;PROYECTO HAIL MARY;1;12,95
19/03/2026;9788417624279;EL ÚLTIMO BARCO;1;23,95
19/03/2026;9788433980830;GRATITUDES, LAS;1;19,90
19/03/2026;9788433906281;TE DI OJOS Y MIRASTE LAS TINIEBLAS;1;18,90
19/03/2026;9788410496002;MUY CATASTRÓFICA VISITA AL ZOO, LA;1;19,90
19/03/2026;9788433980830;GRATITUDES, LAS;1;19,90
19/03/2026;9788410293182;EL DESCONTENTO (EDICION ESPECIAL);1;20,90
19/03/2026;9788432242120;LA MALA COSTUMBRE;1;19,00
20/03/2026;9781108444422;CULTURAL BACKLASH;1;5,00
20/03/2026;9781509546299;THE POPULIST CENTURY;1;6,00
20/03/2026;9789200040955;¿QUÉ ES EL PERONSIMO?;1;5,00
20/03/2026;9788418037016;PROYECTO HAIL MARY                -;1;22,90
20/03/2026;9788417552442;PERRO APESTOSO;1;13,90
20/03/2026;9788413431734;ESCRITOS DE OTRO MUNDO;1;18,00
20/03/2026;9788413922706;CHI.2 PERSPECTIVAS;1;14,50
20/03/2026;9788413432199;LOS CUENTOS DEL ERIZO;1;16,00
20/03/2026;9788411077484;MAITE;1;22,90
20/03/2026;9788476698310;EL VIOLONCHELISTA DE SARAJEVO;1;6,00
20/03/2026;9788497592451;EL AMOR EN LOS TIEMPOS DEL CÓLERA;1;8,00
20/03/2026;9789200040986;1984;1;7,00
21/03/2026;9788467585766;L.LULU TIENE UN HERMANITO;1;14,50
21/03/2026;9788413182766;PGS.A VECES ESTOY PREOCUPADO;1;5,65
21/03/2026;9788413185743;ILUMINASAURIOS;1;9,95
21/03/2026;9788492750368;UN LIBRO;1;15,20
21/03/2026;9788469629550;JUEGA ESCONDITE LETRAS D;1;13,95
21/03/2026;9788423367177;LAS FUERZAS CONTRARIAS;1;22,90
21/03/2026;9788483835012;SOLDADOS DE SALAMINA;1;4,00
21/03/2026;9788420671772;BODAS DE SANGRE;1;12,95
21/03/2026;9788494909504;LA AZOTEA;1;16,06
21/03/2026;9788420431482;EL GAUCHO INSUFRIBLE;1;18,90
21/03/2026;9788499894430;HACEDOR, EL;1;10,95
24/03/2026;9788466339629;OJOS AZULES / BLUE EYES;1;9,95
24/03/2026;9788417605537;INVISIBLE;1;18,95
25/03/2026;9788412932645;LIBRO DE LAS OLAS, EL;1;24,90
25/03/2026;9788433980830;GRATITUDES, LAS;1;19,90
25/03/2026;9788439744566;MONTE DE LAS FURIAS, EL;1;18,90
25/03/2026;9788419834225;CARTERA, LA;1;19,90
25/03/2026;9788433929686;OPOSICIÓN;1;18,90
25/03/2026;9788433929747;CALLE LONDRES, 38;1;23,90
26/03/2026;9788413180076;NI¥OS AMABLES;1;5,95
26/03/2026;9788413182711;MAF.MONOS;1;5,95
26/03/2026;9788432242120;LA MALA COSTUMBRE;1;19,00
27/03/2026;9788469891537;DIARIO UNICORNIO 5;1;11,95
27/03/2026;9788491820246;POLICAN. 3 HISTORIA DE DOS MININOS;1;14,50
27/03/2026;9788416748679;TANGO SATÁNICO;1;24,00
27/03/2026;9788496834385;RELATOS;1;29,00
27/03/2026;9788413921884;TRAS LA HUELLA DE LOS DINOSAURIOS;1;20,95
28/03/2026;9788433949097;KOLJÓS;1;23,90
28/03/2026;9788490625675;LA TÍA JULIA Y EL ESCRIBIDOR;1;11,35
28/03/2026;9781948517102;EL COMPAÑERO QUE ME ATIENDE;1;20,00
28/03/2026;9788423367177;LAS FUERZAS CONTRARIAS                      -;1;22,90
28/03/2026;9789200041440;LETRAS LIBRES;1;5,00
28/03/2026;9789200041440;LETRAS LIBRES;1;5,00
28/03/2026;9788413148465;PROYECTO HAIL MARY;1;12,95
28/03/2026;9788418342257;LOS NOMBRES PROPIOS;1;19,90
28/03/2026;9788410178595;COMERAS FLORES;1;19,95
31/03/2026;9788433980830;GRATITUDES, LAS;1;19,90
31/03/2026;9789200040733;CUADERNO;1;7,99
31/03/2026;9788467594454;POLICAN;1;14,50
01/04/2026;9788439745679;UNA CASA SOLA;1;17,96
01/04/2026;9788439745877;BUE;1;20,81
01/04/2026;9789200040863;MI PARTIDO;1;6,00
04/04/2026;9788411077484;MAITE;1;22,90
04/04/2026;9788411829632;LYL.VAN AL COLEGIO;1;13,95
04/04/2026;9788413181622;TU COMIDA FAVORITA;1;5,95
04/04/2026;9788469602591;ASTÉRIX Y LOS JJ OO;1;12,95
04/04/2026;9788411077484;MAITE;1;22,90
04/04/2026;9788439738107;SOLITO;1;23,90
04/04/2026;9788483836019;INES Y LA ALEGRIA;1;10,95
04/04/2026;9788419654991;BLACKWATER VI. LLUVIA;1;9,90
07/04/2026;9788410178120;FACTOR RACHEL, EL;1;21,95
07/04/2026;9788417977580;HAMNET 17ªED;1;23,95
07/04/2026;9788490668061;LAS MALAS;1;18,00
07/04/2026;9788467592146;SUPE.DE VIAJE POR EL MUNDO;1;5,95
07/04/2026;9788410299498;JOTADÉ (JOTADÉ 1);1;19,86
07/04/2026;9788420479286;AMO, EL;1;19,86
07/04/2026;9788418694608;NIEVE;1;12,00
08/04/2026;9788466375603;NIETA DEL SEÑOR LINH, LA;1;10,95
08/04/2026;9788439746256;TINTA Y SANGRE;1;22,90
08/04/2026;9788408176886;IDIOTIZADAS;1;16,90
08/04/2026;9788466337144;LA LITERATURA NAZI EN AMÉRICA;1;12,95
08/04/2026;9788419822888;1973;1;20,85
08/04/2026;9788483933817;MIEMBRO FANTASMA;1;17,00
09/04/2026;9788432244582;EL BUEN MAL;1;19,90
09/04/2026;9789200041655;AMOR BAJO LA LLUVIA;1;4,00
09/04/2026;9798244542844;NONADANADIE;1;20,00
09/04/2026;9788413432502;SIETE MONSTRUOS Y UN GATO;1;14,00
09/04/2026;9788408043645;LA SOMBRA DEL VIENTO;1;8,00
10/04/2026;9788410553255;POL.PACK POLICAN GORRA 26;1;29,95
10/04/2026;9788418733901;LA MARAVILLOSA GRANJA DE MCBROOM;1;15,90
10/04/2026;9788419490315;BAR GLORIA;1;19,50
10/04/2026;9788433966902;AMPLIACION DEL CAMPO DE BATALLA -CM;1;11,90
10/04/2026;9788498385977;UN SÁBADO CON LOS AMIGOS;1;5,00
10/04/2026;9788410552524;500 SUE¥OS;1;14,94
10/04/2026;9788413432175;UNA FAMILIA NORMAL;1;16,50
10/04/2026;9788410406698;DANIELA PIRATA. TODAS SUS AVENTURAS;1;28,90
10/04/2026;9788469891537;DIARIO UNICORNIO 5                      -;1;11,95
10/04/2026;9788413182780;CAZADORES DE ESTRELLAS;1;5,95
10/04/2026;9788420439891;CONVERSACIÓN EN LA CATEDRAL;1;24,90
10/04/2026;9788418504471;LIBRO DE NUESTRAS AUSENCIAS, EL 2ªED;1;20,00
11/04/2026;9788413922362;CO.COCO EN EL JARDIN;1;5,95
11/04/2026;9788466680288;ÓRBITAS;1;21,90
11/04/2026;9788491296010;LA GRIETA DEL SILENCIO;1;21,90
11/04/2026;9788448867652;BLUEY: MI PAPÁ ES MARAVILLOSO;1;9,95
11/04/2026;9788491073444;ILUMINATLAS;1;9,95
11/04/2026;9788413927459;SUA.APRENDO LOS NUMEROS;1;6,95
11/04/2026;9788433980830;GRATITUDES, LAS;1;19,90
11/04/2026;9788491044505;NUEVE CUENTOS;1;13,95
11/04/2026;9788413189000;MPLA.LA ESCUELA INFANTIL;1;5,95
11/04/2026;9788434856813;PYA.EL POLLO PEPE;1;12,95
11/04/2026;9788413185484;PGS.CUANDO ESTOY CONTENTO;1;5,95
11/04/2026;9788448867645;BLUEY: MI MAMÁ ES LA MEJOR;1;9,95
11/04/2026;9788437608662;CAMPOS DE CASTILLA;1;10,50
11/04/2026;9788418342257;LOS NOMBRES PROPIOS;1;19,90
11/04/2026;9788491044505;NUEVE CUENTOS;1;13,95
11/04/2026;9788437608662;CAMPOS DE CASTILLA                          -;1;10,50
11/04/2026;9788410352018;HAN CANTADO BINGO;1;18,90
11/04/2026;9788408306863;EL ULTIMO SECRETO;1;24,90
11/04/2026;9788418733802;PERRO APESTOSO EN LA GRANJA;1;13,90
11/04/2026;9788491044505;NUEVE CUENTOS;1;13,95
11/04/2026;9788418342257;LOS NOMBRES PROPIOS;1;19,90
11/04/2026;9788420678405;EMMA;1;13,95
14/04/2026;9788419835925;DESDE QUE EXISTE EL AMOR;1;22,90
14/04/2026;9788432249747;LA INTRIGA DEL FUNERAL INCOVENIENTE;1;20,90
14/04/2026;9788433960733;CHICAS, LAS - CM;1;14,90
14/04/2026;9788467067514;LOS INGRATOS;1;10,95
14/04/2026;9788410178595;COMERAS FLORES;1;19,95
14/04/2026;9788418342257;LOS NOMBRES PROPIOS;1;19,90
14/04/2026;9788433977366;NADA SE OPONE A LA NOCHE - CM;1;14,90
15/04/2026;9788410074309;TESORO DE LOS DINOSAURIOS, EL;1;14,90
16/04/2026;9788420412146;DON QUIJOTE DE LA MANCHA RAE NE;1;17,90
16/04/2026;9788433998934;POETA CHILENO;1;22,90
16/04/2026;9781909930094;FRONTLINE MADRID;1;6,00
16/04/2026;9788483460870;CUENTOS COMPLETOS;1;6,00
16/04/2026;9789200041006;ROMEO Y JULIETA;1;6,00
16/04/2026;9788432244551;DISTANCIA DE RESCATE;1;18,50
16/04/2026;9788433980830;GRATITUDES, LAS;2;39,80
16/04/2026;9788433980830;GRATITUDES, LAS;1;19,90
17/04/2026;9788414338094;EL TREN FANTASMA DE BAD;1;8,95
17/04/2026;9781948517102;EL COMPAÑERO QUE ME ATIENDE;1;20,00
17/04/2026;9788419172211;PERRO APESTOSO Y SU PANDILLA;1;13,90
17/04/2026;9788491073444;ILUMINATLAS;1;9,95
17/04/2026;9788432249747;LA INTRIGA DEL FUNERAL INCOVENIENTE;1;19,86
17/04/2026;9788420453996;OXIGENO;1;18,90
17/04/2026;9788413924274;RADIO BANANA;1;5,95
18/04/2026;9788419475831;¿QUIEN SE COMIO LA MARIQUITA?;1;15,00
18/04/2026;9788469663271;EL GRÚFALO;1;16,95
18/04/2026;9788433901927;FORTUNA;1;22,90
18/04/2026;9788426432711;PALABRAS DE LA NOCHE, LAS;1;19,90
18/04/2026;9788413188027;-QUE SUERTE TENGO!;1;5,95
18/04/2026;9788411204651;LA TIERRA EN 24 HORAS;1;5,95
18/04/2026;9788414340561;LOS UNICORNIOS(LEER A OS;1;16,95
18/04/2026;9788425451096;EL HOMBRE EN BUSCA DE SENTIDO;1;16,00
18/04/2026;9788413182766;PGS.A VECES ESTOY PREOCUPADO;1;5,95
18/04/2026;9788413923628;SECRETOS DEL CIELO;1;9,95
18/04/2026;9788469640401;EL LIRIO BLANCO;1;12,95
18/04/2026;9788417552763;GRAN HISTORIA VISUAL DE LA FILOSOFÍA;1;22,00
18/04/2026;9788432249747;LA INTRIGA DEL FUNERAL INCOVENIENTE;1;20,90
18/04/2026;9788491054214;POPOL VUH;1;10,95
18/04/2026;9788432248757;LAS BUENAS NOCHES;1;19,90
21/04/2026;9788419835734;SECRETO DE LA ASISTENTA, EL;1;20,90
21/04/2026;9788420453996;OXIGENO;1;18,90
21/04/2026;9788433971678;SABER PERDER;1;8,00
21/04/2026;9788418037016;PROYECTO HAIL MARY;1;22,90
21/04/2026;9788420451466;TRES TRISTES TIGRES;1;20,90
22/04/2026;9788411485166;LA CANCIÓN DE AQUILES [A;1;11,95
22/04/2026;9788418342257;LOS NOMBRES PROPIOS;1;19,90
22/04/2026;9788437647982;"HIMMELWEG; EL JARDÍN QUE";1;16,50
22/04/2026;9788412244090;TENGO MIEDO TORERO 6ªED;1;17,95
22/04/2026;9788437612881;LAS OLAS;1;18,95
23/04/2026;9788410257719;EL NOVIO;1;20,90
23/04/2026;9788432249747;LA INTRIGA DEL FUNERAL INCOVENIENTE;2;41,80
23/04/2026;9789200040849;MESSI;1;6,00
23/04/2026;9788411003223;HOSPITALIDAD IRRACIONAL;1;20,90
23/04/2026;9788433980830;GRATITUDES, LAS;1;19,90
23/04/2026;9788420479309;EL EJERCITO CIEGO;1;19,90
23/04/2026;9788437637648;NOVELAS COMPLETAS;1;66,90
23/04/2026;9788414340561;LOS UNICORNIOS(LEER A OS;1;16,95
23/04/2026;9788433978714;CANADÁ;1;6,00
23/04/2026;9789200041044;RIMAS Y LEYENDAS;1;6,00
23/04/2026;9788433949097;KOLJÓS;1;21,51
23/04/2026;9789200041037;TIEMPOS DE HIELO;1;5,40
23/04/2026;9788410178595;COMERAS FLORES;1;19,95
23/04/2026;9788413184425;PYA.EL POLLO PEPE JUEGA AL ESCONDITE1 CON;1;16,10
23/04/2026;9788413922157;DESPACITO,CARAMELO;1;10,40
23/04/2026;9791387871338;CUANDO LLEGA LA NOCHE;1;11,35
23/04/2026;9788410178595;COMERAS FLORES;1;19,95
23/04/2026;9788417977580;HAMNET 17ªED;1;23,95
23/04/2026;9788416011957;Y ESO FUE LO QUE PASÓ;1;13,30
23/04/2026;9788419975171;IBAI Y PORCINOS: CUESTIÓN DE CERDOS;1;20,85
23/04/2026;9788420439846;LA HIJA;1;22,71
23/04/2026;9791387652807;PINTORA DE LA LUZ, LA;1;12,95
23/04/2026;9788419036834;VALENTINO;1;12,00
23/04/2026;9788433929723;LIBRO DE LAS HERMANAS, EL;1;18,90
23/04/2026;9788420608433;NIEBLA;1;13,95
23/04/2026;9788433998774;CANTO YO Y LA MONTAÑA BAILA;1;18,90
23/04/2026;9788437647982;"HIMMELWEG; EL JARDÍN QUE";1;16,50
23/04/2026;9788437647982;"HIMMELWEG; EL JARDÍN QUE";1;14,85
23/04/2026;9791387748586;INSTRUCCION DE NOVICIAS;1;22,00
23/04/2026;9788420679815;LOS JARDINES DE LUZ;1;13,95
23/04/2026;9788410496316;AHORA Y EN LA HORA;1;19,90
23/04/2026;9788467861686;LA ISLA DEL TESORO;1;29,50
23/04/2026;9788419583239;CUARTELES DE INVIERNO;1;17,96
23/04/2026;9788433998934;POETA CHILENO;1;21,76
23/04/2026;9791388019586;TODO POR LA PATRIA;1;19,95
23/04/2026;9788427200692;DIARIO DE GREG 5. LA CRUDA REALIDAD;1;15,95
23/04/2026;9788466335348;CIUDADES DE PAPEL;1;6,00
24/04/2026;9788433904966;LIBRE;1;20,81
24/04/2026;9788420479309;EL EJERCITO CIEGO;1;19,90
24/04/2026;9788432243608;MADRE DE CORAZON ATOMICO;1;19,90
24/04/2026;9789504936923;USAR EL CEREBRO;1;8,00
24/04/2026;9788401019760;MAS ALLA DEL INVIERNO;1;6,00
24/04/2026;9788416502158;CANCIÓN DE CUNA DE AUSCHWITZ;1;6,00
24/04/2026;9788420476988;EL ANILLO DEL GENERAL;1;8,00
24/04/2026;9789507827150;LAS VIUDAS DE LOS JUEVES;1;7,00
24/04/2026;9788433948892;SUICIDAS DEL FIN DEL MUNDO, LOS;1;18,90
24/04/2026;9786073137515;EL RUIDO DE LAS COSAS AL CAER;1;5,00
24/04/2026;9788433949202;ANTÁRTICA EMPIEZA AQUÍ, LA;1;18,90
24/04/2026;9788432209130;EL RUIDO ETERNO;1;22,80
24/04/2026;9798242919105;LOS MUDOS DE LA MONTAÑA;1;15,00
24/04/2026;9788411076784;ESE MONTON DE ESPEJOS ROTOS;1;22,71
24/04/2026;9788417977627;DIAS PERFECTOS,LOS 7ªED;1;18,00
24/04/2026;9798242919105;LOS MUDOS DE LA MONTAÑA;1;15,00
24/04/2026;9798242919105;LOS MUDOS DE LA MONTAÑA;1;15,00
24/04/2026;9798242919105;LOS MUDOS DE LA MONTAÑA;1;15,00
24/04/2026;9798242919105;LOS MUDOS DE LA MONTAÑA;1;15,00
24/04/2026;9798242919105;LOS MUDOS DE LA MONTAÑA;1;15,00
24/04/2026;9798242919105;LOS MUDOS DE LA MONTAÑA;1;15,00
24/04/2026;9798242919105;LOS MUDOS DE LA MONTAÑA;1;15,00
24/04/2026;9798242919105;LOS MUDOS DE LA MONTAÑA;1;15,00
24/04/2026;9798242919105;LOS MUDOS DE LA MONTAÑA;1;15,00
24/04/2026;9798242919105;LOS MUDOS DE LA MONTAÑA;1;15,00
24/04/2026;9798242919105;LOS MUDOS DE LA MONTAÑA;1;15,00
24/04/2026;9788419744517;PRAGA MÁGICA;1;26,00
24/04/2026;9798242919105;LOS MUDOS DE LA MONTAÑA;1;15,00
25/04/2026;9788478447985;DICCIONARIO DE SÍMBOLOS;1;38,00
25/04/2026;9788413183947;POLICAN. 4 POLICAN Y CHIKIGATO;1;14,50
25/04/2026;9788411073295;TASMANIA;1;6,00
25/04/2026;9788495642622;LAS OTRAS VIDAS;1;5,00
25/04/2026;9789200041716;EL LIBRO DE LAS HERMANAS;1;8,00
25/04/2026;9788498955743;UNA VIDA DE PUEBLO;1;16,00
25/04/2026;9786316615077;LIBRO DE LA ALMOHADA, EL;1;23,66
25/04/2026;9788420423937;LOS DETECTIVES SALVAJES;1;23,66
25/04/2026;9788417977627;DIAS PERFECTOS,LOS 7ªED                     -;1;18,95
25/04/2026;9788426426277;PROMESA, LA;1;18,90
25/04/2026;9788426426277;PROMESA, LA                                 -;1;18,90
25/04/2026;9788432244766;PAJAROS EN LA BOCA;1;19,50
25/04/2026;9788432244766;PAJAROS EN LA BOCA;1;19,50
25/04/2026;9788490628799;CAÍN;1;5,00
25/04/2026;9788491073444;ILUMINATLAS;1;9,95
25/04/2026;9788491073079;SUPE.DINOSAURIOS;1;5,95
25/04/2026;9788433960177;LOLITA - CM;1;14,16
25/04/2026;9788466353793;UNA HABITACIÓN PROPIA/ TRES GUINEAS;1;11,35
29/04/2026;9788469667378;MONSTRUO ABRAZOS. ED. ES;2;44,65
29/04/2026;9788433901682;SANTANDER, 1936;1;6,00
29/04/2026;9789200040566;LO QUE PERMANECE;1;6,00
29/04/2026;9789200041020;GANCHO CIEGO;1;6,00
29/04/2026;9788410178595;COMERAS FLORES;1;19,95
29/04/2026;9788411823944;POLICAN.12 EL PESTAZO ESCARLATA;1;14,50
29/04/2026;9788469642863;ASTÉRIX EL GALO ED 2024;1;12,95
29/04/2026;9788427200302;DIARIO DE GREG 4. DIAS DE PERROS;1;15,95
29/04/2026;9788420453996;OXIGENO;1;18,90
30/04/2026;9788410178595;COMERAS FLORES;1;19,95
30/04/2026;9788410178892;PUNTO DE ARAÑA;2;39,90
30/04/2026;9791387640644;EL LIBRERO DE GAZA;1;16,20
30/04/2026;9788417742041;¡FLORES!;1;17,00
30/04/2026;9788432244766;PAJAROS EN LA BOCA;1;18,53
30/04/2026;9788432249747;LA INTRIGA DEL FUNERAL INCOVENIENTE;1;20,90
30/04/2026;9788419261335;NO TODO EL MUNDO 7ªED;1;18,90
30/04/2026;9780670921041;EVERY NATION FOR ITSELF;1;5,00
30/04/2026;9780747569275;I SAW RAMALLAH;1;5,00
30/04/2026;9788494568657;EN TIERRAS DE BOKO HARAM;1;5,00
05/05/2026;9788466374972;DANZA DE DRAGONES;1;14,96
05/05/2026;9788412850154;CINCO CRÓNICAS AMERICANAS;1;19,90
05/05/2026;9791399128512;LA OSCURIDAD NO LLEGO SOLA 2VOL;1;47,41
05/05/2026;9788498380729;COMETAS EN EL CIELO;1;7,00
05/05/2026;9791399128512;LA OSCURIDAD NO LLEGO SOLA 2VOL;1;47,41
05/05/2026;9788412595758;EL DON;1;17,90
05/05/2026;9791399128536;LA OSCURIDAD NO LLEGO SOLA;1;47,41
05/05/2026;9788412595758;EL DON;1;17,90
05/05/2026;9788420668291;LAS SIRENAS DE BAGDAD;1;5,00
05/05/2026;9788466320115;LOS ADIOSES;1;5,00
05/05/2026;9789200040573;LA PALABRA DEL MUDO;1;7,00
06/05/2026;9788437647982;"HIMMELWEG; EL JARDÍN QUE";1;16,50
06/05/2026;9788410299788;NOCTURNO DE VENECIA;1;21,90
06/05/2026;9788420459226;EARWIG Y LA BRUJA;1;16,95
07/05/2026;9788411004800;LOS DUEÑOS DEL ESTADO;1;19,90
07/05/2026;9788417552374;CUADERNO BLACKIE BOOKS. VOL. 8;1;12,26
07/05/2026;9788418733529;CUADERNO DE INVIERNO. VOL. 2.;1;12,26
07/05/2026;9788420454054;LA CIUDAD Y LOS PERROS;1;22,90
07/05/2026;9788420461731;HISTORIA DEL CERCO DE LISBOA;1;7,00
07/05/2026;9788490663196;PATRIA;1;10,00
07/05/2026;9789200041372;LA CAVERNA;1;6,00
08/05/2026;9788425362545;MONJE QUE VENDIÓ SU FERRARI (EDICIÓN1DE LUJO),;1;22,90
08/05/2026;9788437602202;PARADISO;1;15,90
08/05/2026;9788416968909;A TRAVES DEL QUIJOTE;1;28,50
08/05/2026;9789200040535;LOS DE BILBAO NACEN DONDE QUIEREN;1;6,00
08/05/2026;9788410178571;ACCIDENTE, EL 8ªED;1;10,95
08/05/2026;9788418342257;LOS NOMBRES PROPIOS;1;19,90
09/05/2026;9788419172211;PERRO APESTOSO Y SU PANDILLA;1;13,90
09/05/2026;9788419654052;CUADERNO BLACKIE BOOKS. VOL. 12;1;12,90
09/05/2026;9788469643006;ÑAC-ÑAC QUIERE MERENDAR;1;17,50
09/05/2026;9788413927336;POLICAN. 9 CRIMEN Y GATITO;1;14,50
09/05/2026;9788413185507;POLICAN. 5 EL SE¥OR DE LAS PULGAS;1;14,50
09/05/2026;9788492608812;ÁRBOL;1;9,50
09/05/2026;9788419102331;ANP.UNA AVENTURA SIN PANTALON;1;11,95
09/05/2026;9788410552425;HDC.MOA, LA BOA;1;12,95
09/05/2026;9788498569360;MPCP.DINOSAURIOS ANIMADOS;1;5,95
09/05/2026;9788087656549;PRINCESA MIAMI;1;12,90
09/05/2026;9788432244551;DISTANCIA DE RESCATE;1;18,50
09/05/2026;9788420665665;NOCHES BLANCAS RELATOS;1;12,50
12/05/2026;9788469621981;LA GUÍA DE DINOSAURIOS;1;17,50
12/05/2026;9788432244582;EL BUEN MAL;1;19,90
12/05/2026;9788437647982;"HIMMELWEG; EL JARDÍN QUE";1;16,50
13/05/2026;9788418342257;LOS NOMBRES PROPIOS;1;19,90
13/05/2026;9788417977627;DIAS PERFECTOS,LOS 7ªED;1;18,95
13/05/2026;9788478444069;CAPERUCITA EN MANHATTAN;1;12,95
14/05/2026;9788484180326;AROMA ÁRABE;1;7,00
14/05/2026;9788419172402;CUENTOS DE HADAS DE LOS GRIMM;1;18,90
14/05/2026;9788437647982;"HIMMELWEG; EL JARDÍN QUE";1;16,50
16/05/2026;9788469667231;BUENAS NOCHES, ÑAC-ÑAC;1;17,50
16/05/2026;9788432249747;LA INTRIGA DEL FUNERAL INCOVENIENTE;1;20,90
16/05/2026;9788419851819;NOMBRES, LOS;1;22,00
19/05/2026;9788410257733;TRAS LA PUERTA;1;20,90
19/05/2026;9788418733543;PERRO APESTOSO ¡FELIZ CUMPLEAÑOS!;1;13,90
19/05/2026;9788466683081;MENTIRA;1;23,66
20/05/2026;9780330526142;MIGRAINE;1;4,00
20/05/2026;9781846590115;HIKAYAT;1;5,00
20/05/2026;9788433966735;ESTRELLA DISTANTE;1;5,00
20/05/2026;9788495587299;CRÓNICAS BERLINESAS;1;5,00
20/05/2026;9788495587374;VIAJE A RUSIA;1;5,00
20/05/2026;9789200042591;LA UTILIDAD DE LO INÚTIL;1;5,00
20/05/2026;9788413183947;POLICAN. 4 POLICAN Y CHIKIGATO;1;14,50
20/05/2026;9788427200074;DIARIO DE GREG 3. ESTO ES EL COLMO;1;15,95
20/05/2026;9780099466024;THE SWALLOWS OF KABUL;1;4,00
21/05/2026;9788491049944;MANUAL DE YOGA INTEGRAL;1;17,95
21/05/2026;9788432249808;HISTORIAS DE FANTASMAS;1;21,90
21/05/2026;9788413148342;LA VETERINARIA. GRANDES SUEÑOS;1;14,96
21/05/2026;9788414334751;CUENTOS Y LEYENDAS ESPAÑ;1;20,50
21/05/2026;9788426425966;CUENTOS COMPLETOS;1;30,90
21/05/2026;9788087656549;PRINCESA MIAMI                     -;1;12,90
21/05/2026;9788433980830;GRATITUDES, LAS;1;19,90
21/05/2026;9788418342257;LOS NOMBRES PROPIOS;1;19,90
21/05/2026;9781965745946;MISIÓN DEL PERIODISMO;1;8,95
22/05/2026;9788437608662;CAMPOS DE CASTILLA;1;10,50
22/05/2026;9788087656631;PERRO CUBANO;1;12,26
22/05/2026;9788420477640;TU ROSTRO MAÑANA;1;35,06
22/05/2026;9788433960931;ANILLOS DE SATURNO, LOS - CM;1;14,90
22/05/2026;9788483460023;LA CASA DEL SILENCIO;1;5,00
22/05/2026;9789200040405;EL TÚNEL;1;6,00
23/05/2026;9788466683081;MENTIRA;1;24,90
23/05/2026;9788467594454;POLICAN;1;14,50
23/05/2026;9788433920492;DINERO;1;6,00
23/05/2026;9788466303316;LA FIESTA DEL CHIVO;1;6,00
23/05/2026;9788466777629;IVANHOE;1;13,95
23/05/2026;9788087656631;PERRO CUBANO;1;12,90
23/05/2026;9788410178595;COMERAS FLORES;1;19,95
23/05/2026;9798242919105;LOS MUDOS DE LA MONTAÑA;1;15,00
23/05/2026;9788087656631;PERRO CUBANO;2;25,80
23/05/2026;9781948517768;SÓRDIDA TROPICAL;1;12,00
23/05/2026;9788087656631;PERRO CUBANO;1;12,90
23/05/2026;9788417375959;ESTA ES TU CASA, FIDEL;1;18,90
23/05/2026;9788087656631;PERRO CUBANO;1;12,90
23/05/2026;9788087656631;PERRO CUBANO;2;25,80
23/05/2026;9788087656631;PERRO CUBANO;2;25,80
23/05/2026;9788087656631;PERRO CUBANO;1;12,90
23/05/2026;9788417950644;LENGUA SUELTA,LA;1;29,90
23/05/2026;9788087656631;PERRO CUBANO;1;12,90
23/05/2026;9788087656631;PERRO CUBANO;1;12,90
23/05/2026;9788087656631;PERRO CUBANO;1;12,90
23/05/2026;9788087656631;PERRO CUBANO;2;25,80
23/05/2026;9788087656631;PERRO CUBANO;1;12,90
23/05/2026;9788087656631;PERRO CUBANO;1;12,90
23/05/2026;9780006543541;THE BOOKSHOP;1;4,00
23/05/2026;9788411827652;ANP.EL COLE MOLA UN MONTON;1;11,95
26/05/2026;9788413923604;POLICAN. 8 ATRAPA 22;1;14,50
27/05/2026;9788410178595;COMERAS FLORES;1;19,95
27/05/2026;9788410352186;PENSAMIENTO EROTICO, EL;1;21,90
27/05/2026;9788418342257;LOS NOMBRES PROPIOS;1;19,90
27/05/2026;9788419746788;JULIA Y LOS MORTIMORT 2;1;15,95
28/05/2026;9788420683607;LOS VIAJES DE GULLIVER;1;15,95
28/05/2026;9788410171770;LA CRUZ TORCIDA;1;18,53
29/05/2026;9788494704376;CARCOMA;1;18,00
29/05/2026;9788413927336;POLICAN. 9 CRIMEN Y GATITO;1;14,50
29/05/2026;9788418342257;LOS NOMBRES PROPIOS;1;19,90
29/05/2026;9788420470078;ENVIADO ESPECIAL;1;23,90
29/05/2026;9788418342257;LOS NOMBRES PROPIOS;1;19,90
29/05/2026;9798293659876;EL DULCE ESFUERZO DE AMAR;1;15,90
29/05/2026;9798293659876;EL DULCE ESFUERZO DE AMAR;1;15,90
29/05/2026;9798293659876;EL DULCE ESFUERZO DE AMAR;1;15,90
29/05/2026;9798293659876;EL DULCE ESFUERZO DE AMAR;1;15,90
29/05/2026;9788426416834;EL CONTADOR DE HISTORIAS;1;10,00
29/05/2026;9788469875612;UNICORNIO. AMIGO MÁGICO;1;11,95
30/05/2026;9788469621981;LA GUÍA DE DINOSAURIOS;1;17,50
30/05/2026;9788491820703;MPLT.LOS VEHICULOS;1;5,95
30/05/2026;9788433922014;AMIGA DEL JAGUAR, LA - CM;1;13,90
30/05/2026;9788469643006;ÑAC-ÑAC QUIERE MERENDAR;1;17,50
30/05/2026;9791370092573;EL MAESTRO Y MARGARITA;1;13,50
30/05/2026;9788410496002;MUY CATASTRÓFICA VISITA AL ZOO, LA;1;19,90
30/05/2026;9788433980830;GRATITUDES, LAS;1;19,90
30/05/2026;9788432243547;EL MAGO DEL KREMLIN;1;10,95
30/05/2026;9788433948915;DESPEDIDAS;1;19,90
30/05/2026;9788433998972;VERDOR TERRIBLE, UN;1;18,90
30/05/2026;9791387600266;SI EINSTEIN LO HUBIERA SABIDO;1;24,90
02/06/2026;9788416205493;DIABLO SABE MI NOMBRE,EL;1;15,50
02/06/2026;9788433924322;PUÑADO DE FLECHAS, UN;1;17,90
02/06/2026;9791370092603;EL IDIOTA;1;15,95
02/06/2026;9788433929723;LIBRO DE LAS HERMANAS, EL                   -;1;19,90
02/06/2026;9788419942319;LA PENÍNSULA DE LAS CASAS VACÍAS;1;26,00
02/06/2026;9788412809572;EL SUICIDIO OCCIDENTAL;1;22,90
02/06/2026;9788416677955;CAIDOS,LOS;1;15,90
02/06/2026;9788418342288;FALSA GUERRA;1;18,90
02/06/2026;9788420460888;LAS CARTAS DEL BOOM;1;23,90
02/06/2026;9788410352186;PENSAMIENTO EROTICO, EL;1;21,90
02/06/2026;9791399092455;EL CARTEL PROTESTA;1;45,00
02/06/2026;9788410309982;JOSÉ LEZAMA LIMA: UNA BIOGRAFÍA;1;35,00
03/06/2026;9788410323575;CUADERNO BLACKIE BOOKS. VOL. 14;1;12,90
03/06/2026;9788410309982;JOSÉ LEZAMA LIMA: UNA BIOGRAFÍA;1;35,00
04/06/2026;9788432249808;HISTORIAS DE FANTASMAS;1;20,81
04/06/2026;9788483104873;TUYO ES EL REINO;1;10,95
05/06/2026;9788416748679;TANGO SATÁNICO;1;24,00
05/06/2026;9798288505010;MI ÚLTIMO VIAJE EN LADA;1;20,00
05/06/2026;9788417925963;CICATRICES;1;20,90
06/06/2026;9788439745297;LOCO DE DIOS EN EL FIN DEL MUNDO. EL;1;23,90
06/06/2026;9788466367677;UN MUNDO FELIZ;1;14,21
06/06/2026;9788467594454;POLICAN;1;13,78
06/06/2026;9788411207652;ANIMALES DEL BOSQUE;1;5,95
09/06/2026;9788410552067;POLICAN.13 ERASE UNA VEZ JOSELITO;1;14,50
09/06/2026;9788414359686;LOS TITANES DEL FÚTBOL,2;1;9,50
09/06/2026;9788414336892;PETER PAN;1;13,95
09/06/2026;9788466338370;VESTIDO DE NOVIA (DEBOLSILLO);1;12,95
10/06/2026;9788420671772;BODAS DE SANGRE;1;12,95
11/06/2026;9788439745297;LOCO DE DIOS EN EL FIN DEL MUNDO. EL -;1;23,90
11/06/2026;9788419851819;NOMBRES, LOS;1;22,00
11/06/2026;9788420483733;EL ALBERGUE DE LAS MUJERES TRISTES;1;8,00
11/06/2026;9788432244582;EL BUEN MAL;1;19,90
11/06/2026;9788411076845;WENDY;1;21,76
11/06/2026;9788467054743;CAPITANES INTREPIDOS;1;13,25
11/06/2026;9788420439846;LA HIJA                                     -;1;23,90
12/06/2026;9788433926463;REINO, EL - CM;1;15,90
12/06/2026;9798298424721;EFLUVIOS;1;10,00
12/06/2026;9798298424721;EFLUVIOS;1;10,00
12/06/2026;9788410183506;ELOGIO DE LAS VIRTUDES MINÚSCULAS;1;19,95
12/06/2026;9798298424721;EFLUVIOS;1;10,00
12/06/2026;9798298424721;EFLUVIOS;1;10,00
12/06/2026;9798298424721;EFLUVIOS;1;10,00
13/06/2026;9788411829625;LYL.UN DIA CON LOLA Y LOLO;1;13,95
13/06/2026;9788491073093;SUPE.EL CUERPO HUMANO;1;5,95
13/06/2026;9788416434749;MARCELINA EN LA COCINA 12ªED;1;15,95
13/06/2026;9791370092573;EL MAESTRO Y MARGARITA;1;13,50
13/06/2026;9788410183728;EL AYUDANTE;1;21,95
16/06/2026;9788411480918;NOVELA DE AJEDREZ. MENDE;1;11,95
16/06/2026;9788413185408;CCM.LOS NUMEROS DEL 1 AL 10;1;5,95
16/06/2026;9781847921758;THE MYTH OF THE STRONG LEADER;1;5,00
16/06/2026;9788498381849;LA CASA DE LA MEZQUITA;1;4,00
17/06/2026;9788410552425;HDC.MOA, LA BOA;1;12,95
17/06/2026;9788411480918;NOVELA DE AJEDREZ. MENDE;1;11,35
17/06/2026;9791387922405;CINCO HERIDAS, LAS;1;25,60
17/06/2026;9788413922669;DN.UN DIA ESPECIAL PARA DINO NINO;1;5,65
17/06/2026;9788418342257;LOS NOMBRES PROPIOS;1;19,90
17/06/2026;9788430626953;MEDITACIONES;1;22,90
17/06/2026;9788433947949;MI TRABAJO;1;23,90
17/06/2026;9788417552374;CUADERNO BLACKIE BOOKS. VOL. 8;1;12,90
17/06/2026;9788419089861;ESPAÑOL QUE ENAMORO AL MUNDO, EL;1;20,95
18/06/2026;9788433980830;GRATITUDES, LAS;1;19,90
18/06/2026;9788491073079;SUPE.DINOSAURIOS;1;5,95
18/06/2026;9788423355532;LAS ARMAS Y LAS LETRAS;1;35,00
18/06/2026;9788423361885;MADRID 1945;1;23,90
18/06/2026;9788411488853;MADAME BOVARY;1;13,25
19/06/2026;9788420478807;MALAHERBA;1;17,90
19/06/2026;9791387640644;EL LIBRERO DE GAZA;1;18,00
19/06/2026;9788432228056;RUIDO DE FONDO;1;22,50
19/06/2026;9788410476097;LA CASA VACIA;1;11,90
19/06/2026;9788410476097;LA CASA VACIA;1;11,90
19/06/2026;9788410476097;LA CASA VACIA;1;11,90
19/06/2026;9788410476097;LA CASA VACIA;1;11,90
19/06/2026;9788087656631;PERRO CUBANO;1;12,90
19/06/2026;9788412236576;LA TIRANÍA DE LAS MOSCAS;1;19,90
20/06/2026;9788408278634;LOS MISERABLES;1;19,95
20/06/2026;9788433980830;GRATITUDES, LAS;1;19,90
20/06/2026;9788410323575;CUADERNO BLACKIE BOOKS. VOL. 14;1;12,90
20/06/2026;9788437641683;NADA;1;12,95
23/06/2026;9788410552067;POLICAN.13 ERASE UNA VEZ JOSELITO;1;14,50
23/06/2026;9788413615417;VALENTINA. LA FIESTA PIRATA;1;12,90
23/06/2026;9788426403001;EN MANOS DE LAS FURIAS;1;6,00
23/06/2026;9788492865505;LA LIBRERÍA AMBULANTE;1;6,00
23/06/2026;9789200041433;EL JILGUERO;1;6,00
23/06/2026;9788494255274;TONY PAGODA Y SUS AMIGOS;1;19,90
23/06/2026;9788401382109;EVA LUNA;1;6,00
24/06/2026;9788420470078;ENVIADO ESPECIAL;1;23,90
24/06/2026;9788466388153;EL EXTRANJERO;1;14,96
24/06/2026;9788412447965;CAMINAR POR AGUAS CRISTALINAS;1;23,90
25/06/2026;9788413615417;VALENTINA. LA FIESTA PIRATA;1;12,90
25/06/2026;9788469643006;ÑAC-ÑAC QUIERE MERENDAR;1;17,50
26/06/2026;9788419877277;FABULAS COMPLETAS;1;19,90
26/06/2026;9788419102324;ANP.UNA CARRERA MUY MARRON;1;11,95
26/06/2026;9788467082159;LO INESPERADO;1;22,90
