EAN;Título;Autor;Editorial;Ejemplares;PVP;Precio liquidación;Valor total;Hecho
'9788419036971;LAS REINAS DEL MAR;WIESENTHAL, MAURICIO;ACANTILADO;2;26,00;24,70;52,00;
'9788419958884;LA VUELTA AL MUNDO EN OCHENTA JUEGOS;DU SAUTOY, MARCUS;ACANTILADO;2;25,00;23,75;50,00;
'9788417346652;ENCUENTROS CON LIBROS;ZWEIG, STEFAN;ACANTILADO;2;22,00;20,90;44,00;
'9788419036766;LA INVENCIÓN DEL NORTE;BRUNNER, BERND;ACANTILADO;2;20,00;19,00;40,00;
'9788419036735;DE DANTE A BORGES;MICÓ, JOSÉ MARÍA;ACANTILADO;2;18,00;17,10;36,00;
'9788419036858;"""TÚ ERES LA TAREA""";KAFKA, FRANZ;ACANTILADO;2;18,00;17,10;36,00;
'9788419036896;EL MURMULLO DEL AGUA;BELMONTE, MARIA;ACANTILADO;2;18,00;17,10;36,00;
'9788419958211;DIARIO DE BERLÍN;SCHÖNBERG, ARNOLD;ACANTILADO;2;16,00;15,20;32,00;
'9788419958198;UN MÉDICO RURAL;KAFKA, FRANZ;ACANTILADO;2;14,00;13,30;28,00;
'9788415689928;LA UTILIDAD DE LO INÚTIL;ORDINE, NUCCIO;ACANTILADO;2;12,00;11,40;24,00;
'9788419036469;EL AFFAIRE ARNOLFINI;JEAN-PHILIPPE, POSTEL;ACANTILADO;2;12,00;11,40;24,00;
'9788410138063;WELLNESS;HILL, NATHAN;ADN EDITORIAL GRUPO ANAYA;2;24,95;23,70;49,90;
'9788410138308;CUIDAR DE ELLA;ANDREA, JEAN-BAPTISTE;ADN EDITORIAL GRUPO ANAYA;2;23,95;22,75;47,90;
'9791387596217;BELLADONA;CONNELLY, MICHAEL;ADN EDITORIAL GRUPO ANAYA;2;23,50;22,32;47,00;
'9788410138353;EL ABOGADO DEL LINCOLN;CONNELLY, MICHAEL;ADN EDITORIAL GRUPO ANAYA;2;22,95;21,80;45,90;
'9788410138421;CATORCE DÍAS;"ATWOOD, MARGARET;PRESTON, DOUGLAS";ADN EDITORIAL GRUPO ANAYA;2;22,95;21,80;45,90;
'9788410138223;LA LISTA;ADEGOKE, YOMI;ADN EDITORIAL GRUPO ANAYA;2;21,95;20,85;43,90;
'9791387596118;ENTRE DOS AGUAS;HENRÍQUEZ, CRISTINA;ADN EDITORIAL GRUPO ANAYA;2;21,95;20,85;43,90;
'9788410138070;DE VUELO EN VUELO;HERRERA, JUAN;ADN EDITORIAL GRUPO ANAYA;2;20,95;19,90;41,90;
'9791387596026;INMANENCIA;LAPUENTE, VÍCTOR;ADN EDITORIAL GRUPO ANAYA;2;20,95;19,90;41,90;
'9788410138520;MEJOR CERCA DEL AGUA;BABOT, PAULA;ADN EDITORIAL GRUPO ANAYA;2;19,95;18,95;39,90;
'9788410138506;CAMA ADENTRO;BIANCA, LETICIA;ADN EDITORIAL GRUPO ANAYA;2;18,95;18,00;37,90;
'9788410138186;ANIMALITOS;ALBA MARTÍNEZ, LUCÍA;ADN EDITORIAL GRUPO ANAYA;2;17,95;17,05;35,90;
'9788411780674;SINSOMBRERO Y UN NUEVO 27, LAS;AA.VV.;ALBA EDITORIAL;2;24,00;22,80;48,00;
'9788411781275;MUERTE DE IVÁN ILICH, LA;TOLSTÓI, LEV. N;ALBA EDITORIAL;2;18,00;17,10;36,00;
'9788420439846;LA HIJA;SERGIO DEL MOLINO;ALFAGUARA;2;23,90;22,70;47,80;
'9791387846138;QUÉ QUEDARÁ DE NOSOTROS;EDUARDO SACHERI;ALFAGUARA;2;21,90;20,80;43,80;
'9791387846503;SI SINTIERAS BAJO LOS PIES LAS ESTRUCTURAS MAYORES;ROBERTO CHUIT ROGANOVICH;ALFAGUARA;2;21,90;20,80;43,80;
'9788410496835;LA MALDICIÓN DE RAMFIS;SERGIO RAMÍREZ;ALFAGUARA;2;20,90;19,85;41,80;
'9788420432793;PANTALEÓN Y LAS VISITADORAS;MARIO VARGAS LLOSA;ALFAGUARA;2;20,90;19,85;41,80;
'9788420437873;HISTORIA DE MAYTA;MARIO VARGAS LLOSA;ALFAGUARA;2;20,90;19,85;41,80;
'9788420477305;NOCHE NEGRA;PILAR QUINTANA;ALFAGUARA;2;19,90;18,90;39,80;
'9788410299474;TIM;RAY LORIGA;ALFAGUARA;2;18,90;17,95;37,80;
'9788420419459;THE NIGHT;"BLANCO CALDERON, RODRIGO;RODRIGO BLANCO CALDERÓN";ALFAGUARA;2;18,90;17,95;37,80;
'9788420439372;SIMPATÍA;RODRIGO BLANCO CALDERÓN;ALFAGUARA;2;18,90;17,95;37,80;
'9788420478784;TRANVÍA A LA MALVARROSA;VICENT, MANUEL;ALFAGUARA;2;17,90;17,00;35,80;
'9798986510439;DIAGNÓSTICO INCIERTO;ALFREDO ALONSO ESTENOZ;ALFREDO ALONSO ESTENOZ;2;18,00;17,10;36,00;
'9788411483582;1080 RECETAS DE COCINA;ORTEGA KLEIN, SIMONE;ALIANZA EDITORIAL;2;35,95;34,15;71,90;
'9788420699158;VALORES TERAPÉUT. YOGA;VÁZQUEZ DÍEZ, JOSÉ MANUEL;ALIANZA EDITORIAL;4;17,95;17,05;71,80;
'9788420686523;SIGNIFICADO ARTES VISUAL;PANOFSKY, ERWIN;ALIANZA EDITORIAL;2;33,50;31,82;67,00;
'9788420682198;DESVESTIDAS;REYERO, CARLOS;ALIANZA EDITORIAL;2;31,95;30,35;63,90;
'9788411487603;FRACTAL;TRAPIELLO, ANDRÉS;ALIANZA EDITORIAL;2;30,50;28,97;61,00;
'9788413625829;SANTIAGO RAMÓN Y CAJAL;CÁNOVAS SÁNCHEZ, FRANCISCO;ALIANZA EDITORIAL;2;28,95;27,50;57,90;
'9788491818854;SALIR DEL CAOS;KEPEL, GILLES;ALIANZA EDITORIAL;2;27,50;26,12;55,00;
'9788413628646;ULISES;JOYCE, JAMES;ALIANZA EDITORIAL;2;26,50;25,17;53,00;
'9788411481151;EL ÚLTIMO COYOTE [ADN];CONNELLY, MICHAEL;ALIANZA EDITORIAL;4;12,50;11,88;50,00;
'9788411483995;LOS VIRTUOSOS;KHADRA, YASMINA;ALIANZA EDITORIAL;2;24,95;23,70;49,90;
'9788411487641;EL SEÑOR DE LAS MOSCAS [;GOLDING, WILLIAM;ALIANZA EDITORIAL;2;24,50;23,27;49,00;
'9788411489836;LOS DIABLOS;ABERCROMBIE, JOE;ALIANZA EDITORIAL;2;24,50;23,27;49,00;
'9788413627076;UNA BIOGRAFÍA DE LA SOLE;ALBERTI, FAY BOUND;ALIANZA EDITORIAL;2;24,50;23,27;49,00;
'9788420688893;DISEÑO DE EXPOSICIONES;"ALONSO FERNÁNDEZ, LUIS;GARCÍA FERNÁNDEZ, ISABEL";ALIANZA EDITORIAL;2;24,50;23,27;49,00;
'9788491047261;ORGULLO Y PREJUICIO ED.I;AUSTEN, JANE;ALIANZA EDITORIAL;2;24,50;23,27;49,00;
'9788411481489;MAÑANA, Y MAÑANA, Y MAÑA;ZEVIN, GABRIELLE;ALIANZA EDITORIAL;2;23,50;22,32;47,00;
'9788491811664;REVOLUCIÓN IMAG. PARIS;SEIDMAN, MICHAEL;ALIANZA EDITORIAL;2;22,95;21,80;45,90;
'9788411487627;EL CASO DE MARGARITA LAN;"VELASCO OLIAGA, JAVIER;VENTOSA, MAUDY";ALIANZA EDITORIAL;2;22,50;21,38;45,00;
'9788413627274;LAS HORAS OSCURAS (ADN);CONNELLY, MICHAEL;ALIANZA EDITORIAL;2;22,50;21,38;45,00;
'9788420669601;CONTRAPOSICIONES;CANDELA, IRIA;ALIANZA EDITORIAL;2;22,50;21,38;45,00;
'9788420651248;LIDERAZGO: HECHO FICCION;"MOLERO, FERNANDO;MORALES, JOSÉ FRANCISCO";ALIANZA EDITORIAL;2;21,95;20,85;43,90;
'9788411480758;GLOBAL (CÓMIC);"COLFER, EOIN;DONKIN, ANDREW";ALIANZA EDITORIAL;2;21,50;20,43;43,00;
'9788411486668;HAZ;"PLAZA, JOSÉ CARLOS;WESTENDORP, ROCÍO";ALIANZA EDITORIAL;2;21,50;20,43;43,00;
'9788420648477;ADRIANA MATER;MAALOUF, AMIN;ALIANZA EDITORIAL;2;21,50;20,43;43,00;
'9788420667171;FOTOGRAFÍA Y ESPÍRITU;HARVEY, JOHN;ALIANZA EDITORIAL;2;21,50;20,43;43,00;
'9788420684123;ESQUINAS INTELIGENTES;SÁNCHEZ  DE MADARIAGA, INÉS;ALIANZA EDITORIAL;2;21,50;20,43;43,00;
'9788420648385;OBRA POÉTICA COMPLETA;VALLEJO, CÉSAR;ALIANZA EDITORIAL;2;20,95;19,90;41,90;
'9788411484466;LOS DE BILBAO NACEN DOND;LARREA, MARÍA;ALIANZA EDITORIAL;2;19,95;18,95;39,90;
'9788491041900;YO SOY MALALA;"YOUSAFZAI, MALALA;LAMB, CHRISTINA";ALIANZA EDITORIAL;2;19,95;18,95;39,90;
'9788413627953;MÁS ALLÁ DEL DOLOR;GUINOT, JOSÉ LUIS;ALIANZA EDITORIAL;2;19,50;18,52;39,00;
'9788420652726;BUSCA TIEMPO PERDIDO, 1;PROUST, MARCEL;ALIANZA EDITORIAL;2;19,50;18,52;39,00;
'9788411483438;LA CARTA;GUERRA GARRIDO, RAÚL;ALIANZA EDITORIAL;2;18,95;18,00;37,90;
'9788411483919;YOGA ORGÁNICO;VÁZQUEZ DÍEZ, JOSÉ MANUEL;ALIANZA EDITORIAL;2;18,95;18,00;37,90;
'9788491812647;LA CASA DE LOS ÁNGELES R;URREA, LUIS ALBERTO;ALIANZA EDITORIAL;2;18,95;18,00;37,90;
'9788411486705;LOS MITOS GRIEGOS, 2;GRAVES, ROBERT;ALIANZA EDITORIAL;2;18,50;17,57;37,00;
'9788420652733;BUSCA TIEMPO PERDIDO, 2;PROUST, MARCEL;ALIANZA EDITORIAL;2;18,50;17,57;37,00;
'9788420652740;BUSCA TIEMPO PERDIDO, 3;PROUST, MARCEL;ALIANZA EDITORIAL;2;18,50;17,57;37,00;
'9788420674186;CUENTOS, 1 POE;POE, EDGAR ALLAN;ALIANZA EDITORIAL;2;18,50;17,57;37,00;
'9788420674193;CUENTOS, 2 POE;POE, EDGAR ALLAN;ALIANZA EDITORIAL;2;18,50;17,57;37,00;
'9788491043843;UN SILLÓN MIRA AL SENA;MAALOUF, AMIN;ALIANZA EDITORIAL;2;17,95;17,05;35,90;
'9788420643892;ANTOLOGÍA DE POESÍA PRIM;CARDENAL, ERNESTO;ALIANZA EDITORIAL;2;17,50;16,62;35,00;
'9788420670003;CARTAS A THÉO;VAN GOGH, VINCENT;ALIANZA EDITORIAL;2;17,50;16,62;35,00;
'9788491814832;TODAS SOMOS DESPLAZADAS;YOUSAFZAI, MALALA;ALIANZA EDITORIAL;2;16,95;16,10;33,90;
'9788491815518;1080 RECETAS DE COCINA;ORTEGA, SIMONE;ALIANZA EDITORIAL;2;16,95;16,10;33,90;
'9788411480765;LA NIÑA LECTORA;RIVAS, MANUEL;ALIANZA EDITORIAL;2;16,50;15,67;33,00;
'9788411483247;LA MUJER DE PIEDRA;ALI, TARIQ;ALIANZA EDITORIAL;2;16,50;15,67;33,00;
'9788411486897;CUANDO LLEGUE LA MAÑANA;MADRID, JUAN;ALIANZA EDITORIAL;2;15,50;14,72;31,00;
'9788413628875;LIBRO DEL DESASOSIEGO;PESSOA, FERNANDO;ALIANZA EDITORIAL;2;15,50;14,72;31,00;
'9788420609294;ORLANDO;WOOLF, VIRGINIA;ALIANZA EDITORIAL;2;15,50;14,72;31,00;
'9788420649771;ANTOLOGÍA POÉTICA;GUILLÉN, JORGE;ALIANZA EDITORIAL;2;15,50;14,72;31,00;
'9788420674292;EL LOBO ESTEPARIO;HESSE, HERMANN;ALIANZA EDITORIAL;2;15,50;14,72;31,00;
'9788420691930;PAZ EN LA GUERRA;UNAMUNO, MIGUEL DE;ALIANZA EDITORIAL;2;15,50;14,72;31,00;
'9788491048961;JANE EYRE;BRONTË, CHARLOTTE;ALIANZA EDITORIAL;2;15,50;14,72;31,00;
'9788491047957;REGRESO SHERLOCK HOLMES;DOYLE, ARTHUR CONAN;ALIANZA EDITORIAL;2;14,90;14,15;29,80;
'9788411480345;DUBLINESES;JOYCE, JAMES;ALIANZA EDITORIAL;2;14,50;13,77;29,00;
'9788411483377;NUESTROS INESPERADOS HER;MAALOUF, AMIN;ALIANZA EDITORIAL;2;14,50;13,77;29,00;
'9788411483773;MUERTE SÚBITA;CHACÓN, ISIDORA;ALIANZA EDITORIAL;2;14,50;13,77;29,00;
'9788413621401;MUJERES & MUJERES. CUENT;MADRID, JUAN;ALIANZA EDITORIAL;2;14,50;13,77;29,00;
'9788413621449;BARES NOCTURNOS;MADRID, JUAN;ALIANZA EDITORIAL;2;14,50;13,77;29,00;
'9791370090777;COLMILLO BLANCO;LONDON, JACK;ALIANZA EDITORIAL;2;14,50;13,77;29,00;
'9788420609102;CARTAS A UN JOVEN POETA;RILKE, RAINER Mª;ALIANZA EDITORIAL;2;13,50;12,82;27,00;
'9788420637303;ANTOLOG.POÉTICA(CERNUDA);CERNUDA, LUIS;ALIANZA EDITORIAL;2;12,95;12,30;25,90;
'9788420651361;LA METAMORFOSIS;KAFKA, FRANZ;ALIANZA EDITORIAL;2;12,95;12,30;25,90;
'9788420693934;DESTRIPADOR DE ANTAÑO;PARDO BAZÁN, EMILIA;ALIANZA EDITORIAL;2;12,95;12,30;25,90;
'9788411480437;NACIONALIDAD Y NACIONALI;BERLIN, ISAIAH;ALIANZA EDITORIAL;2;12,50;11,88;25,00;
'9788411481175;LA RUBIA DE HORMIGÓN [AD;CONNELLY, MICHAEL;ALIANZA EDITORIAL;2;12,50;11,88;25,00;
'9788413621524;CIRCE [ADN];MILLER, MADELINE;ALIANZA EDITORIAL;2;12,50;11,88;25,00;
'9788412520514;EL ASEDIO ANIMAL;LONDOÑO LÓPEZ, VANESSA;ALMADIA ALJOSAN S.R.L.U.;3;15,95;15,15;47,85;
'9788412520507;LA MIRADA DE LAS PLANTAS;PAZ SOLDÁN ÁVILA, JOSÉ EDMUNDO;ALMADIA ALJOSAN S.R.L.U.;2;20,95;19,90;41,90;
'9788412690026;GENÉTICA DE LOS MONOS;RAMÍREZ HERRERA, MARÍA JOSÉ;ALMADIA ALJOSAN S.R.L.U.;2;20,90;19,85;41,80;
'9788412690057;TROIKA;ZAPATA MORALES, ISABEL;ALMADIA ALJOSAN S.R.L.U.;2;19,90;18,90;39,80;
'9788412600360;ISLA PARTIDA;TARAZONA, DANIELA;ALMADIA ALJOSAN S.R.L.U.;2;19,00;18,05;38,00;
'9788412852714;FUTUROS DISTÓPICOS;VARIOS AUTORES;ALMADIA ALJOSAN S.R.L.U.;2;19,00;18,05;38,00;
'9791399109726;LAS VIDAS DE ELENA;MARIA FASCE;ALMADIA ALJOSAN S.R.L.U.;2;18,90;17,95;37,80;
'9788412520521;ANSIBLES, PERFILADORES Y OTRAS MÁQUINAS DE INGENIO;CHAPELA SAAVEDRA, ANDREA DE LOURDES;ALMADIA ALJOSAN S.R.L.U.;2;18,00;17,10;36,00;
'9788412600346;NO FUE PENALTI;VILLORO, JUAN;ALMADIA ALJOSAN S.R.L.U.;2;12,00;11,40;24,00;
'9788412852745;DEAMBULAR OTRA VEZ;"VILLALOBOS, JUAN PABLO; RIVERA GARZA, CRISTINA; ALMADA, SELVA";ALMADIA ALJOSAN S.R.L.U.;2;9,00;8,55;18,00;
'9789492260604;LA DESTRUCCIÓN POR EL SONETO;JORGE BRIOSO;ALMENARA;5;36,00;34,20;180,00;
'9788418481451;LO QUE SÉ DE NOSOTROS;ITURRIZA MENDIA, AITOR;ALTAMAREA EDICIONES;2;19,90;18,90;39,80;
'9788418481642;ENCUENTRO EN BERLÍN, MUERTE EN UCRANIA;RIBAS, PEPE;ALTAMAREA EDICIONES;2;19,90;18,90;39,80;
'9788419583437;ARTISTAS DE LA SUPERVIVENCIA;ENZENSBERGER, HANS MAGNUS;ALTAMAREA EDICIONES;2;19,90;18,90;39,80;
'9788418481055;LA HERENCIA DE CARLOTA;CLAVERÍA LAGUARDA, CARLOS;ALTAMAREA EDICIONES;2;18,90;17,95;37,80;
'9788418481703;AVERNO VERANO;ESPINOSA, BÁRBARA;ALTAMAREA EDICIONES;2;18,90;17,95;37,80;
'9788419583246;NO DESEARÁS LA MUERTE EN VENECIA;CLAVERÍA LAGUARDA, CARLOS;ALTAMAREA EDICIONES;2;18,90;17,95;37,80;
'9788419583468;TRISTE, SOLITARIO Y FINAL;SORIANO, OSVALDO;ALTAMAREA EDICIONES;2;18,90;17,95;37,80;
'9788419583659;PASOLINI SEGÚN PASOLINI;PASOLINI, PIER PAOLO;ALTAMAREA EDICIONES;2;18,90;17,95;37,80;
'9788419583123;MUCHACHAS SICILIANAS;MESSINA, MARÍA;ALTAMAREA EDICIONES;2;17,90;17,00;35,80;
'9788419583512;LA AVENTURA DE ESCRIBIR NOVELAS;CERCAS, JAVIER;ALTAMAREA EDICIONES;2;17,90;17,00;35,80;
'9788419583536;LA TERNURA;DUCAY, PAULA;ALTAMAREA EDICIONES;2;17,90;17,00;35,80;
'9788418481291;EL ANTIMONIO;SCIASCIA, LEONARDO;ALTAMAREA EDICIONES;2;16,90;16,05;33,80;
'9788494833526;LA PLAYA;PAVESE, CESARE;ALTAMAREA EDICIONES;2;16,90;16,05;33,80;
'9788419583482;NOSOTROS, REFUGIADOS;ARENDT, HANNAH;ALTAMAREA EDICIONES;2;11,90;11,30;23,80;
'9788466795210;OLIVER TWIST;DICKENS, CHARLES;ANAYA ELE;2;16,95;16,10;33,90;
'9788466747486;20 MIL LEGUAS VIAJE SUBM;VERNE, JULES;ANAYA ELE;2;14,50;13,77;29,00;
'9788466751735;ROMEO Y JULIETA;SHAKESPEARE, WILLIAM;ANAYA ELE;2;14,50;13,77;29,00;
'9788466763059;TOM SAWYER;TWAIN, MARK;ANAYA ELE;2;14,50;13,77;29,00;
'9788466745284;LAS AVENTUR DE TOM SAWYE;TWAIN, MARK;ANAYA ELE;2;13,95;13,25;27,90;
'9788466753531;EN BOSQUE DE HOJA CADUCA;MOURE, GONZALO;ANAYA ELE;2;13,95;13,25;27,90;
'9788466793155;MUJERCITAS;ALCOTT, LOUISA MAY;ANAYA ELE;2;13,50;12,82;27,00;
'9788466795203;EL LIBRO DE LA SELVA;KIPLING, RUDYARD;ANAYA ELE;2;12,95;12,30;25,90;
'9788466795401;ÁGATA Y LOS ESPEJOS MENT;MASINI, BEATRICE;ANAYA ELE;2;5,95;5,65;11,90;
'9788466795418;NIÑA DE LOS PIES GRANDES;MASINI, BEATRICE;ANAYA ELE;2;5,95;5,65;11,90;
'9788466795425;REGALO DE LA HIJA DL REY;MASINI, BEATRICE;ANAYA ELE;2;5,95;5,65;11,90;
'9788466795432;LA PEQUEÑA DRAGONA;MASINI, BEATRICE;ANAYA ELE;2;5,95;5,65;11,90;
'9788469808801;IVANHOE;SCOTT, WALTER;ANAYA INFANTIL Y JUVENIL;4;15,95;15,15;63,80;
'9788469827475;CUENTOS DE ANTAÑO;PERRAULT, CHARLES;ANAYA INFANTIL Y JUVENIL;3;15,95;15,15;47,85;
'9788414336939;LOS MAPAS DEL AGUA;GÓMEZ, RICARDO;ANAYA INFANTIL Y JUVENIL;3;13,95;13,25;41,85;
'9788414334805;LA VUELTA AL MUNDO;VERNE, JULES;ANAYA INFANTIL Y JUVENIL;2;17,95;17,05;35,90;
'9788469891063;RIMA QUE RIMA;MARTÍ I BERTRAN, PERE;ANAYA INFANTIL Y JUVENIL;2;17,95;17,05;35,90;
'9788414335222;ANIMALOTES 13-14;BLABEY, AARON;ANAYA INFANTIL Y JUVENIL;2;14,90;14,15;29,80;
'9788414336656;GATA LA FUGA 2;BLABEY, AARON;ANAYA INFANTIL Y JUVENIL;2;14,90;14,15;29,80;
'9788414336809;ANIMALOTES 15 Y 16;BLABEY, AARON;ANAYA INFANTIL Y JUVENIL;2;14,90;14,15;29,80;
'9788469848593;ANIMALOTES: FOLLÓN INTER;BLABEY, AARON;ANAYA INFANTIL Y JUVENIL;2;14,90;14,15;29,80;
'9788469866221;ANIMALOTES DESMADRE;BLABEY, AARON;ANAYA INFANTIL Y JUVENIL;2;14,90;14,15;29,80;
'9788469888858;ANIMALOTES 9 Y 10;BLABEY, AARON;ANAYA INFANTIL Y JUVENIL;2;14,90;14,15;29,80;
'9788469891452;ANIMAL11 Y 12: SEÑOR OSC;BLABEY, AARON;ANAYA INFANTIL Y JUVENIL;2;14,90;14,15;29,80;
'9788414341636;UN MUNDO FELIZ;HUXLEY, ALDOUS;ANAYA INFANTIL Y JUVENIL;2;14,50;13,77;29,00;
'9788467828719;ROBINSON CRUSOE;DEFOE, DANIEL;ANAYA INFANTIL Y JUVENIL;2;14,50;13,77;29,00;
'9788467840070;FÁBULAS;ESOPO;ANAYA INFANTIL Y JUVENIL;2;14,50;13,77;29,00;
'9788469847978;MOBY DICK;MELVILLE, HERMAN;ANAYA INFANTIL Y JUVENIL;2;14,50;13,77;29,00;
'9788414340516;SUPERBEBÉS;BUNTING, PHILIP;ANAYA INFANTIL Y JUVENIL;2;13,95;13,25;27,90;
'9788420712277;ROBINSON CRUSOE;DEFOE, DANIEL;ANAYA INFANTIL Y JUVENIL;2;13,95;13,25;27,90;
'9788467861259;LECHUZA DETECTIVE 2: OP;LECHUZA, EQUIPO;ANAYA INFANTIL Y JUVENIL;2;13,95;13,25;27,90;
'9788469808412;LOS TRES MOSQUETEROS;DUMAS, ALEXANDRE;ANAYA INFANTIL Y JUVENIL;2;13,95;13,25;27,90;
'9788469809174;LECHUZA DETECTIVE 4;LECHUZA, EQUIPO;ANAYA INFANTIL Y JUVENIL;2;13,95;13,25;27,90;
'9788469836071;LOS VIAJES DE GULLIVER;SWIFT, JONATHAN;ANAYA INFANTIL Y JUVENIL;2;13,95;13,25;27,90;
'9788469847985;EL MAGO DE OZ;BAUM, L. FRANK;ANAYA INFANTIL Y JUVENIL;2;13,95;13,25;27,90;
'9788469885581;MUJERCITAS;ALCOTT, LOUISA MAY;ANAYA INFANTIL Y JUVENIL;2;13,95;13,25;27,90;
'9788469886144;LECHUZA 5:CINCO SALVAJES;LECHUZA, EQUIPO;ANAYA INFANTIL Y JUVENIL;2;13,95;13,25;27,90;
'9788469890950;EL TREN FANTASMA;ORUÑA, MARÍA;ANAYA INFANTIL Y JUVENIL;2;13,95;13,25;27,90;
'9788467829075;EL CORSARIO NEGRO;SALGARI, EMILIO;ANAYA INFANTIL Y JUVENIL;2;13,50;12,82;27,00;
'9788467829099;FÁBULAS;SAMANIEGO, FÉLIX M.;ANAYA INFANTIL Y JUVENIL;2;13,50;12,82;27,00;
'9788414340615;LA PANDILLA WASABI 1;"DÍAZ, ALBERTO;NÚÑEZ, ÁLVARO";ANAYA INFANTIL Y JUVENIL;2;10,95;10,40;21,90;
'9788414359914;TITANES DEL FÚTBOL, 3;BARAT, J. R.;ANAYA INFANTIL Y JUVENIL;2;9,50;9,03;19,00;
'9788414360026;TITANES DEL FÚTBOL, 4;BARAT, J. R.;ANAYA INFANTIL Y JUVENIL;2;9,50;9,03;19,00;
'9788414360118;EL ENIGMA DE LA MÁSCARA;BARAT, J. R.;ANAYA INFANTIL Y JUVENIL;2;9,50;9,03;19,00;
'9788414340578;EL VIAJE IMPOSIBLE;MONTAÑÁ, RUBÈN;ANAYA INFANTIL Y JUVENIL;2;7,95;7,55;15,90;
'9788414340592;PEPITO CARAPIZZA;SALMERÓN, RAFAEL;ANAYA INFANTIL Y JUVENIL;2;7,95;7,55;15,90;
'9788467829310;ISABELITA LA EXPLORADORA;MASINI, BEATRICE;ANAYA INFANTIL Y JUVENIL;2;5,95;5,65;11,90;
'9788441549425;CARLOS ALCARAZ;"RUIZ, LÉO;SO FOOT";ANAYA MULTIMEDIA;2;19,50;18,52;39,00;
'9798579374141;HOTEL SINGAPUR;GERARDO FERNÁNDEZ FE;AUDERE LIBROS;3;19,67;18,69;59,01;
'9788466679923;TODO MUERE;JUAN GÓMEZ-JURADO;B;3;24,90;23,65;74,70;
'9788466682947;EL JUICIO;LUIS ZUECO;B;2;24,90;23,65;49,80;
'9788466680455;REINA ROJA. EL DESAFÍO;JUAN GÓMEZ-JURADO;B;2;17,90;17,00;35,80;
'9788418054525;AMANDA BLACK 3. EL ÚLTIMO MINUTO;JUAN GÓMEZ-JURADO;B DE BLOK;2;15,95;15,15;31,90;
'9788418688270;AMANDA BLACK 4 - LA CAMPANA DE JADE;"BÁRBARA ;MONTES";B DE BLOK;2;15,95;15,15;31,90;
'9788418688287;AMANDA BLACK 5 - EL TAÑIDO SEPULCRAL;"BÁRBARA ;MONTES";B DE BLOK;2;15,95;15,15;31,90;
'9788418688355;AMANDA BLACK 6 - LA MALDICIÓN DEL NILO;"BÁRBARA ;MONTES";B DE BLOK;2;15,95;15,15;31,90;
'9788419048677;AMANDA BLACK 7 - EL BASTÓN DEL CUERVO;"BÁRBARA ;MONTES;JUAN;MONTES GOMEZ-JURADO";B DE BLOK;2;15,95;15,15;31,90;
'9788419378309;AMANDA BLACK 8 - EL REINO PERDIDO;"JUAN GÓMEZ-JURADO;BÁRBARA MONT;BÁRBARA ;MONTES";B DE BLOK;2;15,95;15,15;31,90;
'9788419378323;AMANDA BLACK 9 - EL CAMINO DEL NINJA;"BÁRBARA ;MONTES";B DE BLOK;2;15,95;15,15;31,90;
'9788419910509;AMANDA BLACK 11 - EL TEMPLO OLVIDADO;"BÁRBARA ;MONTES";B DE BLOK;2;15,95;15,15;31,90;
'9788419910547;AMANDA BLACK 10 - LA PELÍCULA MALDITA;"BÁRBARA ;MONTES";B DE BLOK;2;15,95;15,15;31,90;
'9788412899009;TESTIMONIOS SOBRE MARIANA;GARRO, ELENA;BAMBA EDITORIAL;2;19,90;18,90;39,80;
'9788412595741;VIENTO DEL NORTE;QUIROGA, ELENA;BAMBA EDITORIAL;2;17,90;17,00;35,80;
'9788410025172;VIAJE AL INFINITO (EDICIÓN GRAN FORMATO A TODO COL;GALFARD, CHRISTOPHE;BLACKIE BOOKS;2;34,90;33,15;69,80;
'9788418733918;ILÍADA;HOMERO;BLACKIE BOOKS;2;32,90;31,25;65,80;
'9788416290710;CÓMO SER BILL MURRAY;GAVIN EDWARDS;BLACKIE BOOKS;2;23,00;21,85;46,00;
'9788410025844;EL TAO DE WU;RZA;BLACKIE BOOKS;2;22,00;20,90;44,00;
'9788410323742;NO LA DEJES SOLA;DE FEZ, DESIREE;BLACKIE BOOKS;2;22,00;20,90;44,00;
'9788417059729;CUADERNO BLACKIE BOOKS. VOL. 7;LÓPEZ VALLE, DANIEL;BLACKIE BOOKS;3;12,90;12,25;38,70;
'9788419172877;CARTAS DE AMOR DE 0 A 10;MORGENTSTERN, SUSIE;BLACKIE BOOKS;2;17,90;17,00;35,80;
'9788419654632;MIEL DE LUNA;KRAEGEL, KENNETH;BLACKIE BOOKS;2;17,90;17,00;35,80;
'9788419654014;CAMPAMENTO FANTASMA. ¡UNAS VACACIONES DE MIEDO!;DOLAN, TAYLOR;BLACKIE BOOKS;2;16,90;16,05;33,80;
'9788419654571;DIARIO DE UN GATO ASESINO. FELIZ NAVIDAD;FINE, ANNE;BLACKIE BOOKS;2;13,90;13,21;27,80;
'9788418733642;EL SETO DE LAS ZARZAS. CUENTO DE MAR;BARKLEM, JILL;BLACKIE BOOKS;2;12,90;12,25;25,80;
'9788418733666;EL SETO DE LAS ZARZAS. LA GRAN SORPRESA;BARKLEM, JILL;BLACKIE BOOKS;2;12,90;12,25;25,80;
'9788417417727;ROM COM;MUÑIZ, CLAUDIA;CABALLO DE TROYA;2;15,90;15,11;31,80;
'9788412814057;Y EL SOL SE QUEDÓ DORMIDO SOBRE EL ADRIÁTICO;ÁFRICA MESA RUBIO;CALLA CANALLA;2;19,50;18,52;39,00;
'9788412779851;RICOS NO PAGAN IRPF, LOS;"CRUZADO, CARLOS;MOLLINEDO,JOSE MARIA";CAPITÁN SWING LIBROS;2;22,00;20,90;44,00;
'9788494555305;BEBÉS EN MOVIMIENTO;MARÍA DEL MAR SÁNCHEZ Y LORENA GUTIÉRREZ FERNÁNDEZ;CASITA DE PAZ;3;15,00;14,25;45,00;
'9786289556513;CUBANÍAS;VV.AA.;CIVIL RIGHTS DEFENDERS;15;18,60;17,67;279,00;
'9788485707713;CUENTOS EUROPEOS DE NAVIDAD (NUEVO);VARIOS;CLAN;2;26,00;24,70;52,00;
'9788496745735;CUENTOS DE NAVIDAD Y REYES;PARDO BAZÁN, EMILIA;CLAN;2;21,00;19,95;42,00;
'9788409689866;ESCRIBIR ANTES;URRACA, SABINA;COMISURA;2;20,00;19,00;40,00;
'9788419490322;ALIENTO, OJOS, MEMORIA;DANTICAT, EDWIDGE;CONSONNI;3;19,90;18,90;59,70;
'9788419490278;ULTIMA CASA, LA;URRETABIZKAIA, ARANTXA;CONSONNI;2;18,50;17,57;37,00;
'9788418945915;COMPASES TIEMPO BOLSILLO;APARICIO VINSONNEAU, BIANCA;CONTRALUZ EDITORIAL;4;14,90;14,15;59,60;
'9788419822901;CUANDO TE ATREVAS;MOLINA, TAMARA;CONTRALUZ EDITORIAL;3;19,50;18,52;58,50;
'9788419822109;DIAMANTES DE KALIMANTÁN;MELERO, NINA;CONTRALUZ EDITORIAL;2;23,95;22,75;47,90;
'9788418945632;LAS AGUAS SAGRADAS;R. AYAMONTE, MAY;CONTRALUZ EDITORIAL;2;22,95;21,80;45,90;
'9788418945663;EL COCINERO;CEREZO, LUIS;CONTRALUZ EDITORIAL;2;22,95;21,80;45,90;
'9788418945823;SIN FILTROS;BRAVO, PALOMA;CONTRALUZ EDITORIAL;2;22,95;21,80;45,90;
'9788418945854;MELINA;LUCAS, JUAN RAMÓN;CONTRALUZ EDITORIAL;2;22,95;21,80;45,90;
'9788418945861;OTRAS AVES;ADDISON ALLEN, SARAH;CONTRALUZ EDITORIAL;2;22,95;21,80;45,90;
'9788419822680;EL REY DE BRONCE;ALANDES, JAVIER;CONTRALUZ EDITORIAL;2;22,50;21,38;45,00;
'9788418945885;AMOR A SEGUNDA VISTA;CHRISTIE, ANNETTE;CONTRALUZ EDITORIAL;2;21,95;20,85;43,90;
'9788418945342;LA EMPERATRIZ;GRIFFIS, GIGI;CONTRALUZ EDITORIAL;2;20,95;19,90;41,90;
'9788418945465;JAQUE MATE AL AMOR;HAZELWOOD, ALI;CONTRALUZ EDITORIAL;2;20,50;19,47;41,00;
'9788418945700;LA TEORÍA DEL AMOR;HAZELWOOD, ALI;CONTRALUZ EDITORIAL;2;20,50;19,47;41,00;
'9788419822123;NO ES AMOR;HAZELWOOD, ALI;CONTRALUZ EDITORIAL;2;20,50;19,47;41,00;
'9788419822956;AÚN NO ESTOY MUERTA;JACKSON, HOLLY;CONTRALUZ EDITORIAL;2;20,50;19,47;41,00;
'9788419822413;ESTRELLAS DE CIUDAD;MARTÍ, CARLA;CONTRALUZ EDITORIAL;2;19,50;18,52;39,00;
'9788418945908;NIÑAS SALVAJES BOLSILLO;R. AYAMONTE, MAY;CONTRALUZ EDITORIAL;2;14,90;14,15;29,80;
'9788418945724;SILENCIOS DE HUGO 13/20;CHACÓN, INMA;CONTRALUZ EDITORIAL;2;11,95;11,35;23,90;
'9788419822178;HIPÓTESIS AMOR(BOLSILLO);HAZELWOOD, ALI;CONTRALUZ EDITORIAL;2;10,95;10,40;21,90;
'9788417375782;LOS ÁRBOLES;EVERETT, PERCIVAL;DE CONATUS;2;22,90;21,75;45,80;
'9788417375126;TONIO KRÖGER;MANN, THOMAS;DE CONATUS;2;14,00;13,30;28,00;
'9788417375027;UN CORAZÓN SENCILLO;"FLAUBERT, GUSTAVE; FLAUBERT, GUSTAVE";DE CONATUS;2;12,00;11,40;24,00;
'9788417375089;LOS MUERTOS;JOYCE, JAMES;DE CONATUS;2;12,00;11,40;24,00;
'9788419951021;NEXUS;;DEBATE;2;23,90;22,70;47,80;
'9791387600150;DESEO Y DESTINO;DAVID RIEFF;DEBATE;2;20,90;19,85;41,80;
'9788466355445;TIEMPOS RECIOS;MARIO VARGAS LLOSA;DEBOLSILLO;2;12,95;12,30;25,90;
'9788466381246;INVENCIBLE VERANO DE LILIANA, EL;CRISTINA RIVERA GARZA;DEBOLSILLO;2;12,95;12,30;25,90;
'9788466388504;LA DIVA;REYES MONFORTE;DEBOLSILLO;2;9,95;9,45;19,90;
'9788466378222;CONDESA MALDITA, LA (LIMITED);REYES MONFORTE;DEBOLSILLO;2;7,95;7,55;15,90;
'9788418118036;HABITOS ATOMICOS;JAMES CLEAR;DIANA EDITORIAL;2;21,90;20,80;43,80;
'9780241771525;¡YA LLEGA HALLOWEEN!;;DK;3;9,95;9,45;29,85;
'9788419834713;NERON;IGGULDEN, CONN;DUOMO EDICIONES;2;22,90;21,75;45,80;
'9788414065006;MI CAJA MÁGICA DE LA NAVIDAD;CLAUDIA BORDIN;EDELVIVES;2;14,90;14,15;29,80;
'9788437625973;LEGADO FILOSOFICO ESPAÑO;VARIOS;EDICIONES CÁTEDRA;2;47,50;45,12;95,00;
'9788437621890;EL DEPORTE EN OCCIDENTE;SALVADOR, JOSÉ LUIS;EDICIONES CÁTEDRA;2;34,50;32,77;69,00;
'9788437625614;HISTORIA DEL CINE ESPAÑO;"GUBERN, ROMÁN;MONTERDE, JOSÉ ENRIQUE;PÉREZ PERUCHA, JULIO;Y OTROS";EDICIONES CÁTEDRA;2;29,95;28,45;59,90;
'9788437648026;LAS EXHUMACIONES POR DIO;SAQQA CARAZO, MIRIAM;EDICIONES CÁTEDRA;2;28,95;27,50;57,90;
'9788437647265;EL PROCESO AL LIBRO;ALBISSON, MATHILDE;EDICIONES CÁTEDRA;2;25,95;24,65;51,90;
'9788437625188;FEMINISMO EN MUNDO GLOBA;VALCÁRCEL, AMELIA;EDICIONES CÁTEDRA;2;25,50;24,22;51,00;
'9788437634791;EL REINO DE CELAMA;DÍEZ, LUIS MATEO;EDICIONES CÁTEDRA;2;24,95;23,70;49,90;
'9788437648057;LOS RECUERDOS DEL PORVEN;GARRO, ELENA;EDICIONES CÁTEDRA;2;23,95;22,75;47,90;
'9788437649382;MAESTROS ANTIGUOS;BERNHARD, THOMAS;EDICIONES CÁTEDRA;2;23,95;22,75;47,90;
'9788437637457;GEOGRAFÍA HUMANA DE LA R;GÓMEZ BRAVO, GUTMARO;EDICIONES CÁTEDRA;2;22,95;21,80;45,90;
'9788437647456;EXPERIENCIAS HUMANITARIA;COLOMINA, IMMACULADA;EDICIONES CÁTEDRA;2;22,95;21,80;45,90;
'9788437615530;TIEMPO DE FEMINISMO;AMORÓS, CELIA;EDICIONES CÁTEDRA;2;22,50;21,38;45,00;
'9788437628486;ROPA DE CALLE;GARCÍA MONTERO, LUIS;EDICIONES CÁTEDRA;3;14,90;14,15;44,70;
'9788437621708;POLITICA DE MUJERES;VALCÁRCEL, AMELIA;EDICIONES CÁTEDRA;2;21,50;20,43;43,00;
'9788437634548;PERSONA NON GRATA;EDWARDS, JORGE;EDICIONES CÁTEDRA;2;20,95;19,90;41,90;
'9788437640082;UNA COMEDIA LIGERA;MENDOZA, EDUARDO;EDICIONES CÁTEDRA;2;20,95;19,90;41,90;
'9788437627342;FORTUNATA Y JACINTA, I;PÉREZ GALDÓS, BENITO;EDICIONES CÁTEDRA;2;20,50;19,47;41,00;
'9788437627359;FORTUNATA Y JACINTA, II;PÉREZ GALDÓS, BENITO;EDICIONES CÁTEDRA;2;20,50;19,47;41,00;
'9788437646657;EL ÚLTIMO LECTOR;PIGLIA, RICARDO;EDICIONES CÁTEDRA;2;18,95;18,00;37,90;
'9788437631318;EL RACISMO Y LA XENOFOBI;PERCEVAL, JOSÉ MARÍA;EDICIONES CÁTEDRA;2;17,95;17,05;35,90;
'9788437634579;EL HUMOR Y SUS LÍMITES;PERCEVAL, JOSÉ MARÍA;EDICIONES CÁTEDRA;2;17,95;17,05;35,90;
'9788437642451;LOS LIBROS DE LA GUERRA;"BAHAMONDE, ÁNGEL;RUIZ FRANCO, ROSARIO;AROCA MOHEDANO, MANUELA;Y OTROS";EDICIONES CÁTEDRA;2;17,95;17,05;35,90;
'9788437645506;SOROLLA O LA PINTURA COM;REYERO, CARLOS;EDICIONES CÁTEDRA;2;17,95;17,05;35,90;
'9788437620527;DON JULIÁN;GOYTISOLO, JUAN;EDICIONES CÁTEDRA;2;17,50;16,62;35,00;
'9788437621661;MEMORIAS DE UN SOLTERÓN;PARDO BAZÁN, EMILIA;EDICIONES CÁTEDRA;2;16,95;16,10;33,90;
'9788437637242;SOLDADOS DE SALAMINA;CERCAS, JAVIER;EDICIONES CÁTEDRA;2;16,95;16,10;33,90;
'9788437644561;ESCENAS DE CINE MUDO;LLAMAZARES, JULIO;EDICIONES CÁTEDRA;2;16,95;16,10;33,90;
'9788437612829;"REQUIEM; POEMA SIN HEROE";AJMÁTOVA, ANNA;EDICIONES CÁTEDRA;2;15,95;15,15;31,90;
'9788437617763;EL LUGAR SIN LÍMITES;DONOSO, JOSÉ;EDICIONES CÁTEDRA;2;14,90;14,15;29,80;
'9788437623238;EDAD DE ORO Y OTROS RELA;MARTÍ, JOSÉ;EDICIONES CÁTEDRA;2;14,90;14,15;29,80;
'9788437604336;EL ASTILLERO;ONETTI, JUAN CARLOS;EDICIONES CÁTEDRA;2;13,95;13,25;27,90;
'9788437638324;EL CUARTO DE ATRÁS;MARTÍN GAITE, CARMEN;EDICIONES CÁTEDRA;2;12,95;12,30;25,90;
'9788437616698;LOS HERALDOS NEGROS;VALLEJO, CÉSAR;EDICIONES CÁTEDRA;2;12,50;11,88;25,00;
'9788437600727;YERMA;GARCÍA LORCA, FEDERICO;EDICIONES CÁTEDRA;2;11,50;10,92;23,00;
'9788437604114;"SOLEDADES; GALERÍAS; OTR";MACHADO, ANTONIO;EDICIONES CÁTEDRA;2;11,50;10,92;23,00;
'9788437604183;PEDRO PÁRAMO;RULFO, JUAN;EDICIONES CÁTEDRA;2;11,50;10,92;23,00;
'9788437606569;LA TÍA TULA;UNAMUNO, MIGUEL DE;EDICIONES CÁTEDRA;2;11,50;10,92;23,00;
'9788437608532;VIENTO DEL PUEBLO;HERNÁNDEZ, MIGUEL;EDICIONES CÁTEDRA;2;11,50;10,92;23,00;
'9788437624662;VEINTE POEMAS DE AMOR Y;NERUDA, PABLO;EDICIONES CÁTEDRA;2;11,50;10,92;23,00;
'9788437625430;MARIANELA;PÉREZ GALDÓS, BENITO;EDICIONES CÁTEDRA;2;11,50;10,92;23,00;
'9788437634999;EL LLANO EN LLAMAS;RULFO, JUAN;EDICIONES CÁTEDRA;2;10,95;10,40;21,90;
'9788423366484;LAS QUE NO DUERMEN NASH;DOLORES REDONDO;EDICIONES DESTINO;2;23,90;22,70;47,80;
'9788423367177;LAS FUERZAS CONTRARIAS;LORENZO SILVA;EDICIONES DESTINO;2;22,90;21,75;45,80;
'9788423364466;LA MUJER FUGITIVA;ALICIA GIMENEZ BARTLETT;EDICIONES DESTINO;2;19,90;18,90;39,80;
'9788423345892;YO CONFIESO;CABRE,JAUME;EDICIONES DESTINO;2;14,50;13,77;29,00;
'9788418153495;MEMORIA DEL PARAÍSO;VICENTE ECHERRI;EDICIONES ESPUELA DE PLATA;2;19,90;18,90;39,80;
'9788417146979;EL CABALLO DE ÉBANO;VICENTE ECHERRI;EDICIONES ESPUELA DE PLATA;2;17,90;17,00;35,80;
'9798302243720;PAPIER MACHÉ;CARLOS CELDRÁN;EDICIONES FURTIVAS;5;15,00;14,25;75,00;
'9798281350105;MÁS DE CUATRO ACORDES;ROBERTO JULIO CARCASSÉS;EDICIONES FURTIVAS;3;18,00;17,10;54,00;
'9798353721567;EL ÁRBOL ROJO;CARLOS PINTADO;EDICIONES FURTIVAS;3;18,00;17,10;54,00;
'9798733183664;VENDRÁS CONMIGO;EVELIO TRABA;EDICIONES FURTIVAS;3;16,00;15,20;48,00;
'9798352565919;TERNEROS QUE NUNCA MUERAN DE RODILLAS;RAMÓN FERNÁNDEZ-LARREA;EDICIONES FURTIVAS;2;18,00;17,10;36,00;
'9798352567784;LA IMAGEN EN EL ESPEJO;ABILIO ESTÉVEZ;EDICIONES FURTIVAS;2;18,00;17,10;36,00;
'9788087656632;YO SOY LEOPOLDO ÁVILA;CARLOS ESQUIVEL;EDICIONES INCUBADORA;12;12,90;12,25;154,80;
'9788410358096;THOREAU. YOGUI DEL BOSQUE;POGGI, COLETTE;EDICIONES KOAN;2;22,90;21,75;45,80;
'9788410358133;ARTE DE TRANSITAR EL DUELO, EL;CICERON, MARCO TULIO;EDICIONES KOAN;2;12,90;12,25;25,80;
'9788418782787;ENTUSIASMO, EL;REMON, PABLO;EDICIONES LA UÑA ROTA;2;16,00;15,20;32,00;
'9788467590456;LF.10 EL MISTERIO DEL TESORO PIRATA;;EDICIONES SM;4;12,95;12,30;51,80;
'9788467594232;100 PASOS PARA LA CIENCIA;;EDICIONES SM;2;17,95;17,05;35,90;
'9788411206266;LF.22 EL MISTERIO DEL MUNDIAL EN AFRICA;;EDICIONES SM;2;12,95;12,30;25,90;
'9788411820363;LF.24 EL MISTERIO DEL RODAJE MAGICO;;EDICIONES SM;2;12,95;12,30;25,90;
'9788411827539;LF.26 EL MISTERIO DE TIGER BLACK;;EDICIONES SM;2;12,95;12,30;25,90;
'9788413184449;LF.17 EL MISTERIO DE LAS BOTAS MAGICAS;;EDICIONES SM;2;12,95;12,30;25,90;
'9788413188423;LF.18 EL MISTERIO DE LA ISLA DEL VOLCAN;;EDICIONES SM;2;12,95;12,30;25,90;
'9788413921952;LF.20 EL MISTERIO DE LA MASCARA DE ORO;;EDICIONES SM;2;12,95;12,30;25,90;
'9788498564914;LF.23 EL MISTERIO DE LA CASA ENCANTADA;;EDICIONES SM;2;12,95;12,30;25,90;
'9788410552876;ANP.ANTON PI¥ON,SEIS CAPIBARAS Y UNA INV;;EDICIONES SM;2;11,95;11,35;23,90;
'9788411823227;ANP.EN BUSCA DE COLCHON;;EDICIONES SM;2;11,95;11,35;23,90;
'9788467571851;L.A LULU LE GUSTAN LOS COLORES;;EDICIONES SM;2;9,95;9,45;19,90;
'9788467526424;CPSE.EL CLUB DE LOS VALIENTES;;EDICIONES SM;2;9,50;9,03;19,00;
'9788467561494;CPSE.LA PRINCESA VALIENTE;;EDICIONES SM;2;9,50;9,03;19,00;
'9788467579734;BVB. 67 NADIE QUIERE JUGAR CONMIGO;;EDICIONES SM;2;9,50;9,03;19,00;
'9788491073314;4 A¥OS JUEGA Y APRENDE CON TUTU Y SUS AM;;EDICIONES SM;2;8,95;8,50;17,90;
'9788467554670;ASI TE QUIERO,MAMA;;EDICIONES SM;2;5,95;5,65;11,90;
'9788491820772;SUPE.RECORDS DEL MUNDO;;EDICIONES SM;2;5,95;5,65;11,90;
'9788433979636;ARDOR, EL;CALASSO, ROBERTO;EDITORIAL ANAGRAMA;2;29,90;28,40;59,80;
'9788433929426;CONJUROS Y CANTOS;TORRES, SARA;EDITORIAL ANAGRAMA;4;12,90;12,25;51,60;
'9788433922878;DEMOCRACIA EXPANSIVA, LA;SARTORIUS, NICOLÁS;EDITORIAL ANAGRAMA;2;23,90;22,70;47,80;
'9788433927217;ÍNTIMOS, LOS;SANZ, MARTA;EDITORIAL ANAGRAMA;2;23,90;22,70;47,80;
'9788433929709;ME LIMITABA A AMARTE;POSTORINO, ROSELLA;EDITORIAL ANAGRAMA;2;22,90;21,75;45,80;
'9788433924292;NO SOY UN ROBOT;VILLORO, JUAN;EDITORIAL ANAGRAMA;2;21,90;20,80;43,80;
'9788433949035;INDIGNIDAD;YPI, LEA;EDITORIAL ANAGRAMA;2;21,90;20,80;43,80;
'9788433946720;CÓMO DESAPARECER COMPLETAMENTE;ENRIQUEZ, MARIANA;EDITORIAL ANAGRAMA;2;19,90;18,90;39,80;
'9788433948038;TEORÍA DEL JUEGO;PACO, ARIÀ;EDITORIAL ANAGRAMA;2;19,90;18,90;39,80;
'9788433999429;BAJAR ES LO PEOR;ENRIQUEZ, MARIANA;EDITORIAL ANAGRAMA;2;19,90;18,90;39,80;
'9788433922175;REINA DEL BAILE, LA;FABBRI, CAMILA;EDITORIAL ANAGRAMA;2;18,90;17,95;37,80;
'9788433948168;MATATE, AMOR;HARWICZ, ARIANA;EDITORIAL ANAGRAMA;2;18,90;17,95;37,80;
'9788433949158;EN TODO HAY UNA GRIETA Y POR ELLA ENTRA LA LUZ;PATRICIO PRON;EDITORIAL ANAGRAMA;2;18,90;17,95;37,80;
'9788433922151;GUAPOS, LOS;GARCÍA LLOVET, ESTHER;EDITORIAL ANAGRAMA;2;17,90;17,00;35,80;
'9788433922052;SENTIDO DE CONSENTIR, EL;SERRA, CLARA;EDITORIAL ANAGRAMA;2;14,90;14,15;29,80;
'9788433922304;ESTUVE AQUÍ Y ME ACORDÉ DE NOSOTROS;PACHECO, ANNA;EDITORIAL ANAGRAMA;2;14,90;14,15;29,80;
'9788433927255;DIFICULTAD DEL FANTASMA, LA;GUERRIERO, LEILA;EDITORIAL ANAGRAMA;2;14,90;14,15;29,80;
'9788433959966;CAROL - BPH;HIGHSMITH, PATRICIA;EDITORIAL ANAGRAMA;2;14,90;14,15;29,80;
'9788433961037;GUÍA DEL AUTOESTOPISTA GALÁCTICO - BDA;ADAMS, DOUGLAS;EDITORIAL ANAGRAMA;2;14,90;14,15;29,80;
'9788433967817;AUSTERLITZ - CM;SEBALD, W. G.;EDITORIAL ANAGRAMA;2;14,90;14,15;29,80;
'9788433977250;CUENTOS COMPLETOS T. CAPOTE - CM;CAPOTE, TRUMAN;EDITORIAL ANAGRAMA;2;14,90;14,15;29,80;
'9788433922601;FUEGO LA SED;SÁNCHEZ, MARÍA;EDITORIAL ANAGRAMA;2;13,90;13,21;27,80;
'9788433927170;LORO DE FLAUBERT, EL - CM;BARNES, JULIAN;EDITORIAL ANAGRAMA;2;12,90;12,25;25,80;
'9788433961334;AGUA Y JABÓN - CM;D. RIEZU, MARTA;EDITORIAL ANAGRAMA;2;12,90;12,25;25,80;
'9788418690563;LOS SORIAS;ALBERTO LAISECA;EDITORIAL BARRETT;2;41,90;39,80;83,80;
'9788469602539;ASTÉRIX Y CLEOPATRA;GOSCINNY, RENÉ;EDITORIAL BRUÑO;2;12,95;12,30;25,90;
'9788469602713;ASTÉRIX EN BÉLGICA;GOSCINNY, RENÉ;EDITORIAL BRUÑO;2;12,95;12,30;25,90;
'9788469602744;EL HIJO DE ASTÉRIX;UDERZO, ALBERT;EDITORIAL BRUÑO;2;12,95;12,30;25,90;
'9788469602751;ASTÉRIX EN LA INDIA;UDERZO, ALBERT;EDITORIAL BRUÑO;2;12,95;12,30;25,90;
'9788469620380;ASTÉRIX EN ITALIA;"GOSCINNY, RENÉ;FERRI, JEAN-YVES";EDITORIAL BRUÑO;2;12,95;12,30;25,90;
'9788469669839;ASTÉRIX EN BRETAÑA ED 23;GOSCINNY, RENÉ;EDITORIAL BRUÑO;2;12,95;12,30;25,90;
'9788412175394;PERDERSE;ERNAUX, ANNIE;EDITORIAL CABARET VOLTAIRE;2;22,95;21,80;45,90;
'9788412175318;UNA MUJER;ERNAUX, ANNIE;EDITORIAL CABARET VOLTAIRE;2;16,95;16,10;33,90;
'9788419047335;LA OCUPACIÓN;ERNAUX, ANNIE;EDITORIAL CABARET VOLTAIRE;2;16,95;16,10;33,90;
'9798879149371;BARBEY DÁUREVILLY;ALFREDO TRIFF;EDITORIAL CASA VACÍA;9;12,00;11,40;108,00;
'9798281808422;VIENE REGANDO FLORES;ROSIE INGUANZO;EDITORIAL CASA VACÍA;7;12,00;11,40;84,00;
'9798303515802;ORINAR HACIA ARRIBA;MARIEN FERNÁNDEZ CASTILLO;EDITORIAL CASA VACÍA;2;12,00;11,40;24,00;
'9788419627940;COBRE EN LA SANGRE;LUNAR, LORENZO;EDITORIAL CLANDESTINA;2;20,00;19,00;40,00;
'9791399056631;EMPRENDER (A) CONTRACORRIENTE;LORENA GUTIÉRREZ FERNÁNDEZ;EDITORIAL EDITABOR;3;21,00;19,95;63,00;
'9788410163621;TRONO DE CRISTAL (EDICION ESPECIAL LIMITADA);J. MAAS, SARAH;EDITORIAL HIDRA;3;26,50;25,17;79,50;
'9788417742447;CANCIONES Y NANAS DE AMÉRICA LATINA;GROSLÉZIAT, CHANTAL;EDITORIAL KÓKINOS;3;25,00;23,75;75,00;
'9788496629530;CANCIONES Y NANAS DE BABUSHKA;SOUSSANA,N;EDITORIAL KÓKINOS;2;25,00;23,75;50,00;
'9788419475022;¡VAMOS! ¡ENTRA!;JAMIE MICHALAK;EDITORIAL KÓKINOS;2;16,50;15,67;33,00;
'9788417074159;LA DECLARACIÓN UNIVERSAL DE DERECHOS HUMANOS;FIESS, J-M;EDITORIAL KÓKINOS;2;14,50;13,77;29,00;
'9788496629172;BLANCANIEVES;POOLE, JOSEPHINE;EDITORIAL KÓKINOS;2;13,00;12,35;26,00;
'9788416126064;LOS REYES MAGOS;ESCHNER, GÉRALDINE;EDITORIAL KÓKINOS;2;11,90;11,30;23,80;
'9788412757002;INCURSORAS,LAS;"GARRALON,ANA;";EDITORIAL LAS AFUERAS;3;17,95;17,05;53,85;
'9788412244014;DIARIO PINCHADO  2ªED;HALFON,MERCEDES;EDITORIAL LAS AFUERAS;3;15,95;15,15;47,85;
'9788412894318;UN LUGAR SEGURO (NE);TEROBA, OLIVIA;EDITORIAL LAS AFUERAS;3;15,95;15,15;47,85;
'9788412408164;MEMORIAS DE UNA BEATNIK 4ªED;DI PRIMA,DIANE;EDITORIAL LAS AFUERAS;2;18,95;18,00;37,90;
'9788412757026;SOY TODA OIDOS;HYE-JIN, KIM;EDITORIAL LAS AFUERAS;2;18,95;18,00;37,90;
'9788412145748;AZARES DEL CUERPO;OSPINA PIZANO,MARIA;EDITORIAL LAS AFUERAS;2;16,95;16,10;33,90;
'9788494983702;MEJORES DIAS,LOS 2ªED;ETCHEBARNE,MAGALI;EDITORIAL LAS AFUERAS;2;16,95;16,10;33,90;
'9788412145786;POR QUE VOLVIAS CADA VERANO 2ªED;LOPEZ PEIRO,BELEN;EDITORIAL LAS AFUERAS;2;15,95;15,15;31,90;
'9788494983764;16 DE OCTUBRE DE 1943;DEBENEDETTI,GIACOMO;EDITORIAL LAS AFUERAS;2;15,95;15,15;31,90;
'9788412408126;HOMBRE QUE PERDIO LA CABEZA,EL;WALSER,ROBERT;EDITORIAL LAS AFUERAS;2;14,96;14,21;29,92;
'9788412480252;PIÑEN;CATRILEO, DANIELA;EDITORIAL LAS AFUERAS;2;14,96;14,21;29,92;
'9788412591125;UNA ESCRITORA EN EL TIEMPO;LAZARRE, JANE;EDITORIAL LAS AFUERAS;2;13,95;13,25;27,90;
'9788412145724;MADRE SOLTERA;YUSZCZUK,MARINA;EDITORIAL LAS AFUERAS;2;11,95;11,35;23,90;
'9788467079265;CARA DE CRIMEN;WILLIAM GONZÁLEZ GUEVARA;EDITORIAL PLANETA;2;15,90;15,11;31,80;
'9791399121773;AQUILES EN OPORTO;ALICIA LOUZAO;EDITORIAL PÁRAMO;2;12,00;11,40;24,00;
'9788416677351;CANTOS 3ªED;POUND,EZRA;EDITORIAL SEXTO PISO;2;39,90;37,90;79,80;
'9788410249165;MIS FANTASMAS;RILEY, GWENDOLINE;EDITORIAL SEXTO PISO;4;19,90;18,90;79,60;
'9788496867161;MEMORIAS DE UN ENFERMO DE NERVIOS 3ªED;PAUL SCHREBER,DANIEL;EDITORIAL SEXTO PISO;2;35,00;33,25;70,00;
'9788417517519;DESIERTO SONORO 6ªED;LUISELLI,VALERIA;EDITORIAL SEXTO PISO;3;22,90;21,75;68,70;
'9788418342875;AMANTE DE WITTGENSTEIN, LA 3ªED;MARKSON , DAVID;EDITORIAL SEXTO PISO;3;21,90;20,80;65,70;
'9788415601890;ESO 2ªED;CHRISTENSEN,INGER;EDITORIAL SEXTO PISO;2;29,90;28,40;59,80;
'9788417517854;MANO DE LA BUENA FORTUNA,LA - NE 2020;PETROVIC,GORAN;EDITORIAL SEXTO PISO;3;19,90;18,90;59,70;
'9788419261151;CHICOS DE HIDDEN VALLEY ROAD, LOS 2ªED;KOLKER, ROBERT;EDITORIAL SEXTO PISO;2;23,90;22,70;47,80;
'9788419261762;FE ESPERANZA Y CARNICERIA;CAVE, NICK;EDITORIAL SEXTO PISO;2;23,90;22,70;47,80;
'9786079436377;POR BREVE HERIDA;GLANTZ,MARGO;EDITORIAL SEXTO PISO;2;22,90;21,75;45,80;
'9788410249158;NUEVOS LEVIATANES, LOS;GRAY, JOHN;EDITORIAL SEXTO PISO;2;20,90;19,85;41,80;
'9786078619382;NOCHE EN EL ESPEJO, LA;DOMINGO, CLAUDINA;EDITORIAL SEXTO PISO;2;19,90;18,90;39,80;
'9786078895021;FERAL;JAUREGUI, GABRIELA;EDITORIAL SEXTO PISO;2;19,90;18,90;39,80;
'9788410249295;ESTE MUNDO CIEGO;WARD, JESMYN;EDITORIAL SEXTO PISO;2;19,90;18,90;39,80;
'9788416677818;ROZA TUMBA QUEMA 2ªED;HERNANDEZ,CLAUDIA;EDITORIAL SEXTO PISO;2;19,90;18,90;39,80;
'9788418342011;LO QUE QUEDA DE LUZ 4ªED;HADLEY,TESSA;EDITORIAL SEXTO PISO;2;19,90;18,90;39,80;
'9788419261564;LENGUA DORMIDA;FELIX,FRANCO;EDITORIAL SEXTO PISO;2;19,90;18,90;39,80;
'9788416358267;FORMA INICIAL,LA;PIGLIA,RICARDO;EDITORIAL SEXTO PISO;2;19,00;18,05;38,00;
'9788410249028;DESDE LOS ZULOS;DE LA CERDA, DAHLIA;EDITORIAL SEXTO PISO;2;18,90;17,95;37,80;
'9788416677979;NERVIO PRINCIPAL,EL;SALDA¥A PARIS,DANIEL;EDITORIAL SEXTO PISO;2;18,90;17,95;37,80;
'9788418342141;CUENTAS PENDIENTES 2ªED;GORNICK,VIVIAN;EDITORIAL SEXTO PISO;2;18,90;17,95;37,80;
'9788418342714;CENIZA EN LA BOCA 6ªED;NAVARRO,BRENDA;EDITORIAL SEXTO PISO;2;18,90;17,95;37,80;
'9786079436315;YAKARTA;MARQUEZ TIZANO,RODRIGO;EDITORIAL SEXTO PISO;2;17,90;17,00;35,80;
'9786079436353;MADRES Y PERROS;MORABITO,FABIO;EDITORIAL SEXTO PISO;2;17,90;17,00;35,80;
'9786079436650;ENEMIGAS,LAS;DOMINGO,CLAUDINA;EDITORIAL SEXTO PISO;2;17,90;17,00;35,80;
'9786079436889;Y POR MIRARLO TODO NADA VEIA;GLANTZ,MARGO;EDITORIAL SEXTO PISO;2;17,90;17,00;35,80;
'9788410249127;ZOZOBRA;MOLINARD, BARBARA;EDITORIAL SEXTO PISO;2;17,90;17,00;35,80;
'9788419261298;PERRAS DE RESERVA 3ªED;DE LA CERDA,DAHLIA;EDITORIAL SEXTO PISO;2;17,90;17,00;35,80;
'9786077781615;HISTORIA DE MIS DIENTES,LA 3ªED;LUISELLI,VALERIA;EDITORIAL SEXTO PISO;2;17,00;16,15;34,00;
'9788416677481;NIÑOS PERDIDOS,LOS - 5ªED;LUISELLI,VALERIA;EDITORIAL SEXTO PISO;2;17,00;16,15;34,00;
'9788496867246;DE SANGRE Y DE SOL;GONZALEZ RODRIGUEZ,SERGIO;EDITORIAL SEXTO PISO;2;17,00;16,15;34,00;
'9788417517168;TSUNAMI MEXICO;JAUREGUI,GABRIELA;EDITORIAL SEXTO PISO;2;16,90;16,05;33,80;
'9788417517649;CASAS VACIAS 7ªED;NAVARRO,BRENDA;EDITORIAL SEXTO PISO;2;16,90;16,05;33,80;
'9788418342769;UN FUTURO ANTERIOR;LIBERTELLA,MAURO;EDITORIAL SEXTO PISO;2;16,90;16,05;33,80;
'9788419261137;UNA OPORTUNIDAD;KATCHADJIAN, PABLO;EDITORIAL SEXTO PISO;2;16,90;16,05;33,80;
'9788419261601;LUZ DIFICIL,LA 2ªED;GONZALEZ, TOMAS;EDITORIAL SEXTO PISO;2;16,90;16,05;33,80;
'9788416677092;LUZ IMPRONUNCIABLE,LA;KAVI,ERNESTO;EDITORIAL SEXTO PISO;2;16,00;15,20;32,00;
'9788416677856;PISTAS FALSAS;GARCIA CANCLINI,NESTOR;EDITORIAL SEXTO PISO;2;15,90;15,11;31,80;
'9788496867895;INGRAVIDOS,LOS 7ªED;LUISELLI,VALERIA;EDITORIAL SEXTO PISO;2;15,90;15,11;31,80;
'9786079436964;VIRUS TROPICAL 2ªED;PAOLA,POWER;EDITORIAL SEXTO PISO;2;14,90;14,15;29,80;
'9788418342042;PAPELES FALSOS - NE;LUISELLI,VALERIA;EDITORIAL SEXTO PISO;2;14,90;14,15;29,80;
'9788418342530;FILOSOFIA FELINA / LOS GATOS Y EL SENTIDO DE LA VI;GRAY,JOHN;EDITORIAL SEXTO PISO;2;14,90;14,15;29,80;
'9788412440164;FLORES PARTICULARES;ECKERT, NORA;EDITORIAL TRÁNSITO;2;21,90;20,80;43,80;
'9788412652802;LA MANO QUE CURA;PARRA OCHOA, LINA MARÍA;EDITORIAL TRÁNSITO;2;19,50;18,52;39,00;
'9788412440119;ENTRE LOS ROTOS;VENTURA MEDINA, ALAÍDE;EDITORIAL TRÁNSITO;2;18,90;17,95;37,80;
'9788412603958;GENERACIONES;CLIFTON, LUCILLE;EDITORIAL TRÁNSITO;2;18,00;17,10;36,00;
'9788412862652;AUTOBIOGRAFÍA AUTORIZADA;CANYELLES, NEUS;EDITORIAL TRÁNSITO;2;17,00;16,15;34,00;
'9788412652826;MALDENIÑA;SALAZAR MASSO, LORENA;EDITORIAL TRÁNSITO;2;16,90;16,05;33,80;
'9788412198089;UNA FAMILIA EN BRUSELAS;AKERMAN, CHANTAL;EDITORIAL TRÁNSITO;2;14,90;14,15;29,80;
'9788490747308;LA GRIETA;REINALDO ESCOBAR;EDITORIAL VERBUM;7;19,95;18,95;139,65;
'9788411360944;TEATRO;YUNIOR GARCÍA AGUILERA;EDITORIAL VERBUM;2;18,90;17,95;37,80;
'9788419158772;UNA MUJER AFORTUNADA. HISTORIA DE UNA MEDICA RURAL;MORLAND, POLLY;ERRATA NATURAE EDITORES;2;23,00;21,85;46,00;
'9788494833199;CLAUSEWITZ Y YO;CARLOS A. AGUILERA;ESTO NO ES BERLÍN EDICIONES;2;14,00;13,30;28,00;
'9788419988508;QUICKSILVER SAGA ALQUIMIA & FAE VOL 1 1ªED;HART, CALLIE;FAERIS EDITORIAL;10;23,95;22,75;239,50;
'9788412386196;LIBRO-DIORAMA DE LOS ÁRBOLES, EL;MARSH, STEVE;FOLIOSCOPIO;2;24,00;22,80;48,00;
'9788412712209;LIBRO-DIORAMA DE LAS AVES, EL;MERRITT, MATT;FOLIOSCOPIO;2;24,00;22,80;48,00;
'9788417088057;MAESTRO DE LAS SENSACIONES, UN;IBÁÑEZ, ANDRÉS;GALAXIA GUTENBERG;2;22,00;20,90;44,00;
'9788419738646;CAMPESINOS Y SEÑORES;KALLIFATIDES, THEODOR;GALAXIA GUTENBERG;2;19,50;18,52;39,00;
'9788410107069;PAZ CRUEL, UNA;KALLIFATIDES, THEODOR;GALAXIA GUTENBERG;2;19,00;18,05;38,00;
'9788419738912;ARADO Y LA ESPADA, EL;KALLIFATIDES, THEODOR;GALAXIA GUTENBERG;2;19,00;18,05;38,00;
'9788419392343;ATILA;COLL, ALIOCHA;GALAXIA GUTENBERG;2;18,50;17,57;37,00;
'9788417971632;NUNCA PREGUNTES SU NOMBRE A UN PÁJARO;IBÁÑEZ, ANDRÉS;GALAXIA GUTENBERG;2;17,90;17,00;35,80;
'9791387605049;MUJER A QUIEN AMAR, UNA;KALLIFATIDES, THEODOR;GALAXIA GUTENBERG;2;16,90;16,05;33,80;
'9788483564677;SIN SALIDA;SALUD HERNANDEZ-MORA;GALIUS;4;10,00;9,50;40,00;
'9798833037546;CONCIERTO MAMBÍ;GLEYVIS CORO MONTANET;GATA ENCERRADA;10;15,00;14,25;150,00;
'9788412804683;PEQUEÑO ROBIN Y LA NAVIDAD, EL;FEARNLEY, JAN;GRIBAUDO;2;16,90;16,05;33,80;
'9791388034824;MINIONS & MONSTERS.;LEWMAN, DAVID;HACHETTE;2;9,95;9,45;19,90;
'9788490022627;EL SPLEEN DE PARÍS;CHARLES BAUDELAIRE;HIPERIÓN;2;18,95;18,00;37,90;
'9788475177670;LOS SONETOS A ORFEO;RAINER MARÍA RILKE;HIPERIÓN;2;13,95;13,25;27,90;
'9788490022368;ESTA SERÁ MI VENGANZA;WILLIAM GONZÁLEZ GUEVARA;HIPERIÓN;2;12,95;12,30;25,90;
'9781734602715;EL OCTAVO DÍA;RAFAEL ALMANZA;HOMAGNO;6;15,00;14,25;90,00;
'9798649674614;QUÉ DIJERON LOS ANIMALES;JORGE LUIS PORRATA;HOMAGNO;8;10,00;9,50;80,00;
'9781450745444;HYMNOS;RAFAEL ALMANZA;HOMAGNO;3;25,00;23,75;75,00;
'9780578530956;COROLARIOS;MARIO RAMÍREZ MÉNDEZ;HOMAGNO;2;15,00;14,25;30,00;
'9780972746700;LIBRO DE JÓVENO;RAFAEL ALMANZA ALONSO;HOMAGNO;2;15,00;14,25;30,00;
'9780972746717;EL GRAN CAMINO DE LA VIDA;RAFAEL ALMANZA ALONSO;HOMAGNO;2;15,00;14,25;30,00;
'9781469956817;EL ETERNO EXTRANJERO;CARLOS MANRESA;HOMAGNO;2;10,00;9,50;20,00;
'9781490522166;LAS ISLAS DE TU CUERPO;CARLOS SOTUYO;HOMAGNO;2;10,00;9,50;20,00;
'9798714849183;SIMBIONTES;CARLOS MANRESA GONZÁLEZ;HOMAGNO;2;10,00;9,50;20,00;
'9788412283235;LOS DESPERFECTOS;PUJADAS, IRENE;HURTADO Y ORTEGA EDITORES H&O;2;18,00;17,10;36,00;
'9788412283266;EL MATRIMONIO ANARQUISTA;MÉNDEZ, BEGOÑA;HURTADO Y ORTEGA EDITORES H&O;2;18,00;17,10;36,00;
'9788412154993;IN MEMORIAM;DE ELCHE, NIÑO;HURTADO Y ORTEGA EDITORES H&O;2;17,00;16,15;34,00;
'9788494591655;EUROPA;BARGELD, BLIXA;HURTADO Y ORTEGA EDITORES H&O;2;14,00;13,30;28,00;
'9788412122329;ELIZABETH AÚN JUEGA A LAS MUÑECAS;;HURÓN AZUL;4;16,00;15,20;64,00;
'9788412122381;DISTOPÍA TROPICAL;ERICK J. MOTA;HURÓN AZUL;2;16,00;15,20;32,00;
'9788412379808;CUADERNOS CARCELARIOS;JORGE CARPIO;HURÓN AZUL;2;16,00;15,20;32,00;
'9788412379815;DEL CUERPO Y LA NOCHE INSULAR;JOSÉ ANTONIO MICHELENA;HURÓN AZUL;2;16,00;15,20;32,00;
'9788412379853;SALA-R;LYNN CRUZ;HURÓN AZUL;2;16,00;15,20;32,00;
'9781948517294;CUBA QUEER;ERNESTO FUNDORA;HYPERMEDIA EDICIONES;3;30,00;28,50;90,00;
'9781948517911;RUSIA: EL REGRESO DE LA POTENCIA;DAVID TEURTRIE;HYPERMEDIA EDICIONES;3;19,00;18,05;57,00;
'9781544011080;PARA MATAR A ROBIN HOOD;NÉSTOR DÍAZ DE VILLEGAS;HYPERMEDIA EDICIONES;3;17,00;16,15;51,00;
'9788415130307;NOSTALGIA 9ªED;CARTARESCU,MIRCEA;IMPEDIMENTA;2;24,95;23,70;49,90;
'9791387641030;JARDINERO Y LA MUERTE, EL 5ªED;GOSPODINOV, GUEORGUI;IMPEDIMENTA;2;22,95;21,80;45,90;
'9788417115999;CORAZON QUE RIE CORAZON QUE LLORA 6ªED;CONDE,MARYSE;IMPEDIMENTA;2;20,50;19,47;41,00;
'9788409747566;EL ENCAUZADOR DE ESPÍRITUS;JORGE DAZA;JORGE DAZA;3;15,95;15,15;47,85;
'9788468582016;EL AÑO DE LA RANA;JOSÉ MARÍA BARRADO;JOSÉ MARÍA BARRADO;3;17,00;16,15;51,00;
'9798864207864;POR LOS PIES ENTRA LA MUERTE;KARLA RON ARÉVALO;KARLA RON ARÉVALO;10;10,00;9,50;100,00;
'9798335262750;HERBARIO II;DASHEL HERNÁNDEZ;KÝRNE;3;17,00;16,15;51,00;
'9798857895962;HERBARIO I;DASHEL HERNÁNDEZ;KÝRNE;3;17,00;16,15;51,00;
'9788477743057;LA FRAGILIDAD DEL BIEN;NUSSBAUM, MARTHA CRAVEN;LA BALSA DE LA MEDUSA;2;27,90;26,50;55,80;
'9788494800795;PHANTASMAGORIA;TORRES, SARA;LA BELLA VARSOVIA;2;12,90;12,25;25,80;
'9788412880021;LAS CAMINANTES;VVAA;LA NIÑA AZUL;2;14,20;13,49;28,40;
'9788412902181;DEBAJO DE LA MESA;ABREU, JUAN;LADERA NORTE;2;22,90;21,75;45,80;
'9788412809527;CINCO APORTACIONES DE ESPAÑA AL HUMANISMO;SALAFRANCA, ALEJANDRO;LADERA NORTE;2;19,90;18,90;39,80;
'9788412850161;LOS POZOS DE LA NIEVE;VIAS MAHOU, BERTA;LADERA NORTE;2;19,90;18,90;39,80;
'9788412115215;NUESTRAS PALABRAS;VARIOS AUTORES;LADERA NORTE;2;14,90;14,15;29,80;
'9788419250650;PAN CASERO;YARZA, IBÁN;LAROUSSE;2;23,95;22,75;47,90;
'9788410124141;¡SAL A JUGAR!;PONS-MESMAN, CLARA;LAROUSSE;2;19,95;18,95;39,90;
'9788410124547;CRIANZA ACTIVA. 0-3 AÑOS;KURTIN, NORA;LAROUSSE;2;19,95;18,95;39,90;
'9791399147957;YO NI SIQUIERA ERA MADRE;ARRIBAS DELGADO,ELENA;LASTURA EDICIONES;2;18,00;17,10;36,00;
'9788412582000;LOS GIRASOLES EN INVIERNO;ÁNGEL, ALBALUCÍA;LAVA;2;19,90;18,90;39,80;
'9798307467138;EL INGENUO;;LEGADO FONTICIELLA;3;12,00;11,40;36,00;
'9789200041280;LA DEMOCRACIA NO DEBE ESPERAR (FEB 2025);LETRAS LIBRES;LETRAS LIBRES;3;5,00;4,75;15,00;
'9789200042478;LETRAS LIBRES;;LETRAS LIBRES;3;5,00;4,75;15,00;
'9789200043369;LETRAS LIBRES;;LETRAS LIBRES;3;5,00;4,75;15,00;
'9789200043994;LETRAS LIBRES;;LETRAS LIBRES;3;5,00;4,75;15,00;
'9788493591465;PENTATEUCO DE ISAAC,EL 8ªED;WAGENSTEIN,ANGEL;LIBROS DEL ASTEROIDE;3;18,95;18,00;56,85;
'9788492663040;CUATRO HERMANAS 7ªED;CARLETON,JETTA;LIBROS DEL ASTEROIDE;2;21,95;20,85;43,90;
'9788410178168;EXTRAÑADOS,LOS;FREIRE,JORGE;LIBROS DEL ASTEROIDE;2;18,95;18,00;37,90;
'9788419089236;14 DE ABRIL 6ªED;CERDA, PACO;LIBROS DEL ASTEROIDE;2;18,95;18,00;37,90;
'9788426426307;DÍAS DE FANTASMAS;JEANETTE WINTERSON;LUMEN;2;21,90;20,80;43,80;
'9788582341216;LA SANGRE DEL POETA;NÉSTOR DÍAZ DE VILLEGAS;LUMME EDITOR;3;8,00;7,60;24,00;
'9788419964069;JULIO CORTAZAR Y CRIS;PERI ROSSI, CRISTINA;MENOSCUARTO EDICIONES;2;15,90;15,11;31,80;
'9788427208742;DIARIO DE GREG 9 CARRETERA Y MANTA;KINNEY, JEFF;MOLINO;2;15,95;15,15;31,90;
'9788427234314;DIARIO DE GREG 18 - DESCEREBRADOS;JEFF KINNEY;MOLINO;2;15,95;15,15;31,90;
'9788427242760;DIARIO DE GREG 19 - EN SU SALSA;JEFF KINNEY;MOLINO;2;15,95;15,15;31,90;
'9788418483189;APRENDER A LEER EN LA ESCUELA DE MONSTRUOS 1 LA MA;"MAR ;BENEGAS";MONTENA;2;7,95;7,55;15,90;
'9786079644895;ARS CIVITAS;HENRY ERIC HERNÁNDEZ Y DONOVAN HERNÁNDEZ CASTELLANOS;NEANDERTHAL;4;15,00;14,25;60,00;
'9798218480264;SELECTED PAINTINGS;NELSON JALIL;NELSON JALIL;4;39,00;37,05;156,00;
'9791387575496;MENSAJERA,LA;STUART,ANNA;NEWTON COMPTON EDITORES;2;12,90;12,25;25,80;
'9788418451898;GUIA FILMAFFINITY,LA 4ªED;FILMAFFINITY;NÓRDICA LIBROS;3;29,95;28,45;89,85;
'9788410200647;AVENTURAS DE PINOCHO, LAS;COLLODI, CARLO;NÓRDICA LIBROS;2;29,50;28,02;59,00;
'9788410200609;BIBLIOTECA PUBLICA;SMITH, ALI;NÓRDICA LIBROS;2;19,50;18,52;39,00;
'9788410171039;ANTONIO;BRACHER, BEATRIZ;PERIFÉRICA;4;19,50;18,52;78,00;
'9788419135407;A LA CAZA DE LOS REYES MAGOS;S. VARELA, EMMA;PIJAMA BOOKS;2;19,95;18,95;39,90;
'9788401032769;SI TE GUSTA LA OSCURIDAD;KING, STEPHEN;PLAZA&JANES;3;24,90;23,65;74,70;
'9788483933862;EXILIO;OBLIGADO, CLARA;PÁGINAS DE ESPUMA SL;2;20,00;19,00;40,00;
'9788411325424;REY Y EL RELOJERO, EL;INDRIDASON, ARNALDUR;RBA;2;22,90;21,75;45,80;
'9788410340657;LIBRO DE MIS VIDAS;MARGARET ATWOOD;SALAMANDRA;2;27,00;25,65;54,00;
'9788412511154;VICTORIOSA;SARID, YISHAI;SIGILO EDITORIAL;2;21,95;20,85;43,90;
'9788412699081;EL POETA DE GAZA;SARID, YISHAI;SIGILO EDITORIAL;2;20,95;19,90;41,90;
'9788412699074;EL HECHIZO DEL VERANO;HIGA, VIRGINIA;SIGILO EDITORIAL;2;18,00;17,10;36,00;
'9788412816082;LOS SORRENTINOS;HIGA, VIRGINIA;SIGILO EDITORIAL;2;18,00;17,10;36,00;
'9788410183360;NAVIDADES DE MIEDO;"CHARLES DICKENS;NATHANIEL HAWTHORNE;JOSEPH SHERIDAN LE FANU;GUY DE MAUPASSANT;BENITO PÉREZ GALDÓS;EMILIA PARDO BAZÁN";SIRUELA;4;23,95;22,75;95,80;
'9788410183285;LA MUERTE DE ARTURO;MALORY, SIR THOMAS;SIRUELA;2;36,00;34,20;72,00;
'9788419419064;IMPERIOFOBIA Y LEYENDA NEGRA;ROCA BAREA, ELVIRA;SIRUELA;2;29,95;28,45;59,90;
'9788410183407;BRUJERÍA;GIBSON, MARION;SIRUELA;2;26,00;24,70;52,00;
'9791387688547;TODOS LOS CUENTOS;LISPECTOR, CLARICE;SIRUELA;2;26,00;24,70;52,00;
'9788419553508;VIDA Y VISIONES DE HILDEGARD VON BINGEN;"VON BINGEN, HILDEGARD;VON ESCHENBACH, WOLFRAM";SIRUELA;2;22,95;21,80;45,90;
'9788410183346;EL INVENTOR DE VIAJES;VALLEJO, IRENE;SIRUELA;2;21,95;20,85;43,90;
'9788410415607;LA BIBLIOTECA DESAPARECIDA;CANFORA, LUCIANO;SIRUELA;2;19,95;18,95;39,90;
'9788498411263;EL OJO DE JADE;"WEI LIANG,D; WEI LIANG, DIANE";SIRUELA;2;18,90;17,95;37,80;
'9791387688783;LAS FRONTERAS;SARMIENTO, CAROLINA;SIRUELA;2;15,95;15,15;31,90;
'9788418245886;EL CUARTO DE ATRÁS;MARTÍN GAITE, CARMEN;SIRUELA;2;14,90;14,15;29,80;
'9788478445417;NOSTALGIA DEL ABSOLUTO;STEINER, GEORGE;SIRUELA;2;12,95;12,30;25,90;
'9788491299790;EL SUSURRO DEL FUEGO;CASTILLO, JAVIER;SUMA DE LETRAS;2;22,90;21,75;45,80;
'9788430953837;DE ÉTICA Y POLÍTICA;"LÁZARO CANTERO, RAQUEL;ALVIRA, RAFAEL;CALLEJA, TOMÁS;Y OTROS";TECNOS;4;28,50;27,07;114,00;
'9788430990320;PENSAR CRISISPOL.ESP.CON;"ROBLES EGEA, ANTONIO;MENÉNDEZ ALZAMORA, MANUEL;ÁLVAREZ DE DOMPABLO, JEDIAEL;Y OTROS";TECNOS;2;33,95;32,25;67,90;
'9788430955305;ESTUDIOS DE COMUNICACION;"SANDERS, KAREN;CANEL CRESPO, MARÍA JOSÉ;CAPDEVILA, ARANTXA;Y OTROS";TECNOS;2;29,50;28,02;59,00;
'9788430969128;EL PENSAMIENTO POLÍTICO;GONZÁLEZ CUEVAS, PEDRO CARLOS;TECNOS;2;28,50;27,07;57,00;
'9788430986354;HÉROES DE LA RETIRADA;"FERNÁNDEZ SOLDEVILLA, GAIZKA;HIDALGO GARCÍA DE ORELLÁN, SARA;PABLO CONTRERAS, SANTIAGO DE;Y OTROS";TECNOS;2;27,90;26,50;55,80;
'9788430946631;LA ILUSIÓN REPUBLICANA;VILLAVERDE RICO, MARÍA JOSÉ;TECNOS;2;27,50;26,12;55,00;
'9788418895623;LA TUMBA DE DIOS;HERRERA, JOSÉ MARÍA;TURNER;3;19,90;18,90;59,70;
'9788498386813;HERENCIA DE ESZTER, LA;"MARAI, SANDOR;SÁNDOR MÁRAI";TUSQUETS EDITORES;5;14,00;13,30;70,00;
'9788408307945;CORAZON DE ORO;LUZ GABÁS;TUSQUETS EDITORES;2;23,90;22,70;47,80;
'9788411077651;A OSCURAS;THOMAS PYNCHON;TUSQUETS EDITORES;2;23,90;22,70;47,80;
'9788408296966;EL PLAN MAESTRO;JAVIER SIERRA;TUSQUETS EDITORES;2;22,90;21,75;45,80;
'9788467076356;LA TOFFANA (P.PRIMAVERA 2025);VANESSA MONTFORT;TUSQUETS EDITORES;2;22,90;21,75;45,80;
'9788408291268;EL CLAN (INSPECTORA ELENA BLANCO 5);CARMEN MOLA;TUSQUETS EDITORES;2;21,90;20,80;43,80;
'9788408311614;VERA, UNA HISTORIA DE AMOR;JUAN DEL VAL;TUSQUETS EDITORES;2;21,90;20,80;43,80;
'9788411075510;ESCALERA INTERIOR;GRANDES, ALMUDENA;TUSQUETS EDITORES;2;21,90;20,80;43,80;
'9788467071740;LOS SIGUIENTES;PEDRO SIMON;TUSQUETS EDITORES;2;21,90;20,80;43,80;
'9788408314134;MAMA ESTA DORMIDA;MÁXIMO HUERTA;TUSQUETS EDITORES;2;20,90;19,85;41,80;
'9788411071949;ANTES QUE ANOCHEZCA;REINALDO ARENAS;TUSQUETS EDITORES;2;19,50;18,52;39,00;
'9788411073417;NADA QUE DECIR (PREMIO TUSQUETS DE NOVELA 2023);SILVIA HIDALGO;TUSQUETS EDITORES;2;18,50;17,57;37,00;
'9788498382204;EXTRAÑA DESAPARICION DE ESME LENNOX, LA;O´FARRELL, MAGGIE;TUSQUETS EDITORES;2;18,00;17,10;36,00;
'9788411076135;VENIR DESDE TAN LEJOS;;TUSQUETS EDITORES;2;17,00;16,15;34,00;
'9788449343087;EL ARTE DE VIVIR;EPICTETO;TUSQUETS EDITORES;2;17,00;16,15;34,00;
'9788408260622;EL TIEMPO ENTRE COSTURAS;MARIA DUEÑAS;TUSQUETS EDITORES;2;12,95;12,30;25,90;
'9788432244421;TRILOGIA DE COPENHAGUE;TOVE DITLEVSEN;TUSQUETS EDITORES;2;11,95;11,35;23,90;
'9788467078985;EL MISTERIOSO CASO DEL IMPOSTOR DEL TITANIC;CARMEN POSADAS;TUSQUETS EDITORES;2;11,95;11,35;23,90;
'9788483106464;MANUAL DE TENTACIONES;ABILIO ESTÉVEZ;TUSQUETS EDITORES;2;11,00;10,45;22,00;
'9788490662069;INTERIOR DEL BOSQUE,EL;FUENTES,EUGENIO;TUSQUETS EDITORES;2;10,95;10,40;21,90;
'9788430989799;LA EXTREMA IZQUIERDA EN EUROPA OCCIDENTAL;EDUARNE URIARTE Y ÁNGEL RIVERO;TUSQUETS EDITORES;2;10,00;9,50;20,00;
'9788483109564;CEREMONIAS PARA ACTORES DESESPERADOS;ABILIO ESTÉVEZ;TUSQUETS EDITORES;2;10,00;9,50;20,00;
'9788498957662;POESÍAS COMPLETAS;FELIPE, LEÓN;VISOR;2;30,00;28,50;60,00;
'9788475228013;POMBO;GÓMEZ DE LA SERNA, RAMÓN;VISOR;2;25,00;23,75;50,00;
'9788498959963;POESÍAS COMPLETAS (1947-2002);HIERRO, JOSÉ;VISOR;2;20,00;19,00;40,00;
'9788498952490;EL OFICIO COMO ÉTICA;GARCÍA MONTERO, LUIS;VISOR;2;18,00;17,10;36,00;
'9788498956245;LA MADRE DEL FUTBOLISTA;GARCIA CASADO, PABLO;VISOR;2;18,00;17,10;36,00;
'9788498956269;LA GUERRA;MACHADO, ANTONIO;VISOR;2;18,00;17,10;36,00;
'9788475220765;LA CAÍDA DE AMÉRICA;GINSBERG, ALLEN;VISOR;2;16,00;15,20;32,00;
'9788475221137;FLORES PARA HITLER;COHEN, LEONARD;VISOR;2;16,00;15,20;32,00;
'9788475226750;POESÍA COMPLETA. 1940 - 2008;GARCÍA BAENA, PABLO;VISOR;2;16,00;15,20;32,00;
'9788475228198;EL CABALLO GRIEGO;ALTOLAGUIRRE, MANUEL;VISOR;2;16,00;15,20;32,00;
'9788498958034;EL SILENCIO VASCO;CELAYA, GABRIEL;VISOR;2;16,00;15,20;32,00;
'9788475227962;ANTOLOGÍA (HIKMET);HIKMET, NAZIM;VISOR;2;15,00;14,25;30,00;
'9788475220505;LA ENERGÍA DE LOS ESCLAVOS;COHEN, LEONARD;VISOR;2;14,00;13,30;28,00;
'9788475220703;VIOLETA DEL PUEBLO;PARRA, VIOLETA;VISOR;2;14,00;13,30;28,00;
'9788475220871;MATRIMONIO DEL CIELO Y DEL INFIERNO;BLAKE, WILLIAM;VISOR;2;14,00;13,30;28,00;
'9788475221045;COMPAREMOS MITOLOGÍAS;COHEN, LEONARD;VISOR;2;14,00;13,30;28,00;
'9788475225623;SIDNEY WEST Y OTROS POEMAS;GELMAN, JUAN;VISOR;2;14,00;13,30;28,00;
'9788498954418;PRIMERA PERSONA DEL PLURAL / EL TALÓN VULNERABLE;BLANDIANA, ANA;VISOR;2;14,00;13,30;28,00;
'9788498955149;ÚLTIMOS POEMAS;HUIDOBRO, VICENTE;VISOR;2;14,00;13,30;28,00;
'9788498955750;EL OJO DEL GRILLO;BLANDIANA, ANA;VISOR;2;14,00;13,30;28,00;
'9788498957730;SONETOS COMPLETOS (RUBÉN DARÍO);DARÍO, RUBÉN;VISOR;2;14,00;13,30;28,00;
'9788498958362;ANTOLOGÍA POÉTICA;GARCÍA LORCA, FEDERICO;VISOR;2;14,00;13,30;28,00;
'9788498958720;HOY;GELMAN, JUAN;VISOR;2;14,00;13,30;28,00;
'9788498959239;PASOS INCIERTOS;ALEGRÍA, CLARIBEL;VISOR;2;14,00;13,30;28,00;
'9788475220017;UNA TEMPORADA EN EL INFIERNO;ARTHUR RIMBAUD;VISOR;2;12,00;11,40;24,00;
'9788475220079;POEMAS MANZANAS;JOYCE, JAMES;VISOR;2;12,00;11,40;24,00;
'9788475220444;POEMAS;HÖLDERLING, FRIEDRICH;VISOR;2;12,00;11,40;24,00;
'9788475221076;EL ESTRECHO DUDOSO;CARDENAL, ERNESTO;VISOR;2;12,00;11,40;24,00;
'9788475221250;RUBAIYYAT;JAYYAM, OMAR;VISOR;2;12,00;11,40;24,00;
'9788475221281;BALADA DEL VIEJO MARINERO Y OTROS POEMAS;COLERIDGE, SAMUEL TAYLOR;VISOR;2;12,00;11,40;24,00;
'9788475221649;ANÁBASIS;SAINT-JOHN PERSE;VISOR;2;12,00;11,40;24,00;
'9788475223162;HABITACIONES SEPARADAS;GARCÍA MONTERO, LUIS;VISOR;2;12,00;11,40;24,00;
'9788475223865;APOGEO;BELLI, GIOCONDA;VISOR;2;12,00;11,40;24,00;
'9788498955545;MISERABLE VEJEZ;VILLENA, LUIS ANTONIO DE;VISOR;2;12,00;11,40;24,00;
'9788498957549;PURGATORIO;ZURITA, RAÚL;VISOR;2;12,00;11,40;24,00;
'9788498957921;EXPLICACIONES NO PEDIDAS;BONNETT, PIEDAD;VISOR;2;12,00;11,40;24,00;
'9788498958003;UN BALÓN ENVENENADO;GARCÍA MONTERO, LUIS;VISOR;2;12,00;11,40;24,00;
'9788498958188;ANTIBIÓTICO;FERNÁNDEZ MALLO, AGUSTÍN;VISOR;2;12,00;11,40;24,00;
'9788498958270;POEMAS - JOSÉ HIERRO;HIERRO, JOSÉ;VISOR;2;12,00;11,40;24,00;
'9788498959178;UN INVIERNO PROPIO;GARCÍA MONTERO, LUIS;VISOR;2;12,00;11,40;24,00;
'9788475225111;MI ÍNTIMA MULTITUD;BELLI, GIOCONDA;VISOR;2;10,00;9,50;20,00;
'9788475227191;FUEGO SOY, APARTADO Y ESPADA PUESTA LEJOS;BELLI, GIOCONDA;VISOR;2;10,00;9,50;20,00;
'9788498957884;VISTA CANSADA;GARCÍA MONTERO, LUIS;VISOR;2;10,00;9,50;20,00;
'9788498958454;EN LA AVANZADA JUVENTUD;BELLI, GIOCONDA;VISOR;2;10,00;9,50;20,00;
