EAN;Título;Autor;Editorial;Vendidos;Stock actual;Facturado;Pedir;Hecho
'9791387807900;PILDORAS ANTIEMETICAS;CANALES, MIGUEL;TALÓN DE AQUILES;24;-4;480,00;10;
'9788433980830;GRATITUDES, LAS;DE VIGAN, DELPHINE;EDITORIAL ANAGRAMA;22;1;437,80;5;
'9798244542844;NONADANADIE;;;20;0;400,00;5;
'9788418342257;LOS NOMBRES PROPIOS;MARTA JIMÉNEZ SERRANO;EDITORIAL SEXTO PISO;17;1;338,30;3;
'9788419942319;LA PENÍNSULA DE LAS CASAS VACÍAS;UCLÉS, DAVID;SIRUELA;12;1;312,00;2;
'9788087656631;PERRO CUBANO;;;20;0;257,36;5;
'9791399128536;LA OSCURIDAD NO LLEGO SOLA;MIRTHA RIVERO;EDITORIAL ALFA;5;-5;247,01;7;
'9788410178595;COMERAS FLORES;SOLLA SOBRAL, LUCIA;LIBROS DEL ASTEROIDE;11;1;219,45;2;
'9788417977580;HAMNET 17ªED;O'FARRELL,MAGGIE;LIBROS DEL ASTEROIDE;9;1;215,55;2;
'9798242919105;LOS MUDOS DE LA MONTAÑA;CAMILO VENEGAS;LIBROS DEL FOGONERO;14;1;210,00;3;
'9788420479446;MISIÓN EN PARÍS;ARTURO PÉREZ-REVERTE;ALFAGUARA;9;1;197,10;2;
'9788432249747;LA INTRIGA DEL FUNERAL INCOVENIENTE;EDUARDO MENDOZA;TUSQUETS EDITORES;8;-1;166,16;3;
'9788410352018;HAN CANTADO BINGO;;;8;0;151,20;2;
'9788412971880;LA CATEDRAL DE LA MUJER;CORO MONTANET,GLEYVIS;BAJAMAR EDITORES;10;1;150,00;2;
'9788410060593;TEBANAS;ÁLVARO TATO;EDICIONES ANTÍGONA;9;1;148,50;2;
'9788437647982;"HIMMELWEG; EL JARDÍN QUE";;;9;0;146,85;3;
'9788410496002;MUY CATASTRÓFICA VISITA AL ZOO, LA;;;7;0;138,31;2;
'9788423369225;LA CIUDAD DE LAS LUCES MUERTAS (PREMIO NADAL 2026);;;6;0;137,40;2;
'9788466683081;MENTIRA;JUAN GOMEZ-JURADO;B;5;-1;123,26;3;
'9788416748679;TANGO SATÁNICO;;;5;0;116,00;2;
'9788401035241;MI NOMBRE ES EMILIA DEL VALLE;;;5;0;114,50;2;
'9788410323575;CUADERNO BLACKIE BOOKS. VOL. 14;;;8;0;103,20;2;
'9788432242120;LA MALA COSTUMBRE;;;5;0;95,00;2;
'9788433998774;CANTO YO Y LA MONTAÑA BAILA;SOLÀ, IRENE;EDITORIAL ANAGRAMA;5;-1;94,50;3;
'9788411077484;MAITE;;;4;0;91,60;1;
'9788417553036;VERANO EN QUE MI MADRE TUVO LOS OJOS VERDES,EL 18ª;;;4;0;88,88;1;
'9788433998934;POETA CHILENO;;;4;0;88,46;1;
'9788410406698;DANIELA PIRATA. TODAS SUS AVENTURAS;;;3;0;86,70;1;
'9788433998972;VERDOR TERRIBLE, UN;;;4;0;75,60;1;
'9788410552067;POLICAN.13 ERASE UNA VEZ JOSELITO;;;5;0;72,50;2;
'9788467594454;POLICAN;;;5;0;71,78;2;
'9788494644221;DAVID LYNCH EL HOMBRE DE OTRO LUGAR;;;3;0;65,70;1;
'9788467561357;LF. 1 EL MISTERIO DE LOS ARBITROS DORMID;;;5;0;64,75;2;
'9798293659876;EL DULCE ESFUERZO DE AMAR;KARLA RON ARÉVALO;KARLA RON ARÉVALO;4;-2;63,60;3;
'9788410675032;GOLPE MILITAR Y DICTADURA EN ARGENTINA (1976-1983);;;3;0;63,00;1;
'9791399034271;LA ARQUITECTURA DEL AZAR;;;4;0;60,00;1;
'9788410309166;ENSAYOS SOBRE EL NARRADOR, LOS;;;3;0;60,00;1;
'9781948517102;EL COMPAÑERO QUE ME ATIENDE;;;3;0;60,00;1;
'9788410496316;AHORA Y EN LA HORA;;;3;0;59,70;1;
'9788410551848;LF.LA HIS DEL FUTBOL CONTADA POR LOS FUT;;;3;0;56,85;1;
'9788433977366;NADA SE OPONE A LA NOCHE - CM;;;4;0;56,60;1;
'9788413921075;POLICAN. 7 POR QUIEN RUEDAN LAS PELOTAS;;EDICIONES SM;4;-1;56,00;2;
'9788414340561;LOS UNICORNIOS(LEER A OS;;;3;0;50,85;1;
'9788494909504;LA AZOTEA;;;3;0;49,86;1;
'9788411829526;ANP.ANTON PI¥ON,HERMANOS A MOGOLLON;;EDICIONES SM;4;-1;47,80;2;
'9788411827652;ANP.EL COLE MOLA UN MONTON;;;4;0;47,80;1;
'9788418782060;ALEN ALEN;;;3;0;45,00;1;
'9788413185507;POLICAN. 5 EL SE¥OR DE LAS PULGAS;;;3;0;43,50;1;
'9788413183947;POLICAN. 4 POLICAN Y CHIKIGATO;;;3;0;43,50;1;
'9788411822954;CHI.5 INFLUENCERS;;;3;0;39,50;1;
'9788466344357;AMIGA ESTUPENDA, LA (DOS AMIGAS 1);;;3;0;38,85;1;
'9788410552425;HDC.MOA, LA BOA;;;3;0;38,85;1;
'9788469663455;EL GRÚFALO.MINICUENTO;DONALDSON, JULIA;EDITORIAL BRUÑO;3;-1;37,50;2;
'9788410138407;BIBLIOTECA MEDIANOCHE;;;3;0;36,40;1;
'9788466356237;LA BUENA SUERTE;;;3;0;35,85;1;
'9788419102324;ANP.UNA CARRERA MUY MARRON;;;3;0;35,85;1;
'9788419102331;ANP.UNA AVENTURA SIN PANTALON;;;3;0;35,85;1;
'9788433960764;ESTUPOR Y TEMBLORES - CM;NOTHOMB, AMÉLIE;EDITORIAL ANAGRAMA;3;-1;32,70;2;
'9788491073444;ILUMINATLAS;;;3;0;29,85;1;
'9788491073079;SUPE.DINOSAURIOS;;;4;0;23,80;1;
'9788413185408;CCM.LOS NUMEROS DEL 1 AL 10;;;3;0;17,85;1;
'9788491073093;SUPE.EL CUERPO HUMANO;;;3;0;17,85;1;
'9788413182766;PGS.A VECES ESTOY PREOCUPADO;;;3;0;17,55;1;
